time,Backup:backupCopyFilesCount,Backup:backupCopyFilesMs,BinaryProtocol:bytesReadPerSecond,BinaryProtocol:bytesWrittenPerSecond,BinaryProtocol:messagesReadPerSecond,BinaryProtocol:messagesWrittenPerSecond,BinaryProtocol:nAckMessages,BinaryProtocol:nBytesRead,BinaryProtocol:nBytesWritten,BinaryProtocol:nEntriesOldVersion,BinaryProtocol:nGroupAckMessages,BinaryProtocol:nGroupedAcks,BinaryProtocol:nMaxGroupedAcks,BinaryProtocol:nMessageBatches,BinaryProtocol:nMessagesBatched,BinaryProtocol:nMessagesRead,BinaryProtocol:nMessagesWritten,BinaryProtocol:nReadNanos,BinaryProtocol:nWriteNanos,BtreeOp:nBinDeltaDelete,BtreeOp:nBinDeltaGet,BtreeOp:nBinDeltaInsert,BtreeOp:nBinDeltaUpdate,BtreeOp:nRootSplits,BtreeOp:relatchesRequired,Cache:DOSBytes,Cache:adminBytes,Cache:cacheTotalBytes,Cache:dataBytes,Cache:lockBytes,Cache:lruDirtySize,Cache:lruMixedSize,Cache:nBINDeltasFetchMiss,Cache:nBINsFetch,Cache:nBINsFetchMiss,Cache:nBINsFetchMissRatio,Cache:nBinDeltaBlindOps,Cache:nBytesEvictedCACHEMODE,Cache:nBytesEvictedCRITICAL,Cache:nBytesEvictedDAEMON,Cache:nBytesEvictedEVICTORTHREAD,Cache:nBytesEvictedMANUAL,Cache:nCachedBINDeltas,Cache:nCachedBINs,Cache:nCachedUpperINs,Cache:nDirtyNodesEvicted,Cache:nEvictionRuns,Cache:nFullBINsMiss,Cache:nINCompactKey,Cache:nINNoTarget,Cache:nINSparseTarget,Cache:nLNsEvicted,Cache:nLNsFetch,Cache:nLNsFetchMiss,Cache:nNodesEvicted,Cache:nNodesMovedToDirtyLRU,Cache:nNodesMutated,Cache:nNodesPutBack,Cache:nNodesSkipped,Cache:nNodesStripped,Cache:nNodesTargeted,Cache:nRootNodesEvicted,Cache:nSharedCacheEnvironments,Cache:nThreadUnavailable,Cache:nUpperINsFetch,Cache:nUpperINsFetchMiss,Cache:sharedCacheTotalBytes,Checkpoints:lastCheckpointEnd,Checkpoints:lastCheckpointId,Checkpoints:lastCheckpointInterval,Checkpoints:lastCheckpointStart,Checkpoints:nCheckpoints,Checkpoints:nDeltaINFlush,Checkpoints:nFullBINFlush,Checkpoints:nFullINFlush,Cleaning:activeLogSize,Cleaning:availableLogSize,Cleaning:maxPredictedUtilization,Cleaning:maxUtilization,Cleaning:minPredictedUtilization,Cleaning:minUtilization,Cleaning:nBINDeltasCleaned,Cleaning:nBINDeltasDead,Cleaning:nBINDeltasMigrated,Cleaning:nBINDeltasObsolete,Cleaning:nCleanerDeletions,Cleaning:nCleanerDisksReads,Cleaning:nCleanerEntriesRead,Cleaning:nCleanerRuns,Cleaning:nINsCleaned,Cleaning:nINsDead,Cleaning:nINsMigrated,Cleaning:nINsObsolete,Cleaning:nLNQueueHits,Cleaning:nLNsCleaned,Cleaning:nLNsDead,Cleaning:nLNsExpired,Cleaning:nLNsExtinct,Cleaning:nLNsLocked,Cleaning:nLNsMarked,Cleaning:nLNsMigrated,Cleaning:nLNsObsolete,Cleaning:nPendingDBsIncomplete,Cleaning:nPendingDBsProcessed,Cleaning:nPendingLNsLocked,Cleaning:nPendingLNsProcessed,Cleaning:nRevisalRuns,Cleaning:nTwoPassRuns,Cleaning:pendingDBQueueSize,Cleaning:pendingLNQueueSize,Cleaning:protectedLogSize,Cleaning:protectedLogSizeMap,Cleaning:reservedLogSize,Cleaning:totalLogSize,ConsistencyTracker:nLagConsistencyWaitMS,ConsistencyTracker:nLagConsistencyWaits,ConsistencyTracker:nVLSNConsistencyWaitMS,ConsistencyTracker:nVLSNConsistencyWaits,Environment:environmentCreationTime,Eraser:eraserCycleEnd,Eraser:eraserCycleStart,Eraser:eraserFSyncs,Eraser:eraserFilesAlreadyDeleted,Eraser:eraserFilesDeleted,Eraser:eraserFilesErased,Eraser:eraserFilesRemaining,Eraser:eraserReadBytes,Eraser:eraserReads,Eraser:eraserWriteBytes,Eraser:eraserWrites,FeederManager:nFeedersCreated,FeederManager:nFeedersShutdown,FeederManager:replica95DelayMsMap,FeederManager:replica99DelayMsMap,FeederManager:replicaAvgDelayMsMap,FeederManager:replicaDelayMap,FeederManager:replicaLastCommitTimestampMap,FeederManager:replicaLastCommitVLSNMap,FeederManager:replicaMaxDelayMsMap,FeederManager:replicaVLSNLagMap,FeederManager:replicaVLSNRateMap,FeederTxns:ackWaitMS,FeederTxns:lastCommitTimestamp,FeederTxns:lastCommitVLSN,FeederTxns:totalTxnMS,FeederTxns:txnsAcked,FeederTxns:txnsNotAcked,FeederTxns:vlsnRate,I/O:bufferBytes,I/O:endOfLog,I/O:fSync95Ms,I/O:fSync99Ms,I/O:fSyncAvgMs,I/O:fSyncMaxMs,I/O:nBytesReadFromWriteQueue,I/O:nBytesWrittenFromWriteQueue,I/O:nCacheMiss,I/O:nFSyncRequests,I/O:nFSyncs,I/O:nFileOpens,I/O:nGroupCommitRequests,I/O:nGrpCommitTimeouts,I/O:nLogBuffers,I/O:nLogFSyncs,I/O:nNoFreeBuffer,I/O:nNotResident,I/O:nOpenFiles,I/O:nRandomReadBytes,I/O:nRandomReads,I/O:nRandomWriteBytes,I/O:nRandomWrites,I/O:nReadsFromWriteQueue,I/O:nRepeatFaultReads,I/O:nRepeatIteratorReads,I/O:nSequentialReadBytes,I/O:nSequentialReads,I/O:nSequentialWriteBytes,I/O:nSequentialWrites,I/O:nTempBufferWrites,I/O:nWriteQueueOverflow,I/O:nWriteQueueOverflowFailures,I/O:nWritesFromWriteQueue,Jvm:G1 Old Generation.count,Jvm:G1 Old Generation.time,Jvm:G1 Young Generation.count,Jvm:G1 Young Generation.time,Jvm:heap,Jvm:loadAverage,Locks:nLatchAcquireNoWaitUnsuccessful,Locks:nLatchAcquiresNoWaitSuccessful,Locks:nLatchAcquiresNoWaiters,Locks:nLatchAcquiresSelfOwned,Locks:nLatchAcquiresWithContention,Locks:nLatchReleases,Locks:nRequests,Locks:nWaits,Node Compression:cursorsBins,Node Compression:dbClosedBins,Node Compression:inCompQueueSize,Node Compression:nonEmptyBins,Node Compression:processedBins,Node Compression:splitBins,OffHeap:offHeapAllocFailure,OffHeap:offHeapAllocOverflow,OffHeap:offHeapBINsLoaded,OffHeap:offHeapBINsStored,OffHeap:offHeapCachedBINDeltas,OffHeap:offHeapCachedBINs,OffHeap:offHeapCachedLNs,OffHeap:offHeapCriticalNodesTargeted,OffHeap:offHeapDirtyNodesEvicted,OffHeap:offHeapLNsEvicted,OffHeap:offHeapLNsLoaded,OffHeap:offHeapLNsStored,OffHeap:offHeapLruSize,OffHeap:offHeapNodesEvicted,OffHeap:offHeapNodesMutated,OffHeap:offHeapNodesSkipped,OffHeap:offHeapNodesStripped,OffHeap:offHeapNodesTargeted,OffHeap:offHeapThreadUnavailable,OffHeap:offHeapTotalBlocks,OffHeap:offHeapTotalBytes,Op:priDelete,Op:priDeleteFail,Op:priInsert,Op:priInsertFail,Op:priPosition,Op:priSearch,Op:priSearchFail,Op:priUpdate,Op:secDelete,Op:secInsert,Op:secPosition,Op:secSearch,Op:secSearchFail,Op:secUpdate,Replay:elapsedTxn95Ms,Replay:elapsedTxn99Ms,Replay:elapsedTxnAvgMs,Replay:elapsedTxnMaxMs,Replay:latestCommitLagMs,Replay:maxCommitProcessingNanos,Replay:minCommitProcessingNanos,Replay:nAborts,Replay:nCommitAcks,Replay:nCommitNoSyncs,Replay:nCommitSyncs,Replay:nCommitWriteNoSyncs,Replay:nCommits,Replay:nGroupCommitMaxExceeded,Replay:nGroupCommitTimeouts,Replay:nGroupCommitTxns,Replay:nGroupCommits,Replay:nLNs,Replay:nMessageQueueOverflows,Replay:nNameLNs,Replay:outputQueue95DelayMs,Replay:outputQueue99DelayMs,Replay:outputQueueAvgDelayMs,Replay:outputQueueMaxDelayMs,Replay:replayQueue95DelayMs,Replay:replayQueue99DelayMs,Replay:replayQueueAvgDelayMs,Replay:replayQueueMaxDelayMs,Replay:totalCommitProcessingNanos,TaskCoordinator:nApplicationPermits,TaskCoordinator:nDeficitPermits,TaskCoordinator:nRealPermits,VLSNIndex:nBucketsCreated,VLSNIndex:nHeadBucketsDeleted,VLSNIndex:nHits,VLSNIndex:nMisses,VLSNIndex:nTailBucketsDeleted
2025-07-12 17:19:13.077 UTC, , , , , , , , , , , , , , , , , , , , , , , , , , ,125,3159885,14032, , ,3, ,10, , , , , , , , , ,3,3, , , , ,1,5, , , , , , , , , , , , , , , , ,1362,1,734,734,1, ,2,4,1412,787398668288,57,57,57,57, , , , , , , , , , , , , , , , , , , , , , , , , , , , , , , , ,1412, , , , ,1752340752552,,, , , , , , , , , , , , , , , , , , , , , , , , , , , ,3145728,1362,3,3,1,3, , , ,1,1,2,1, ,3,2, , , , , ,38,1, , , ,2048,1,1374,1, , , , , , ,8,67,111825328,5, , , , , , ,9, , , , , , , , , , , , , , , , , , , , , , , , , , , , , , , , , , , , , , , , , , , , , , , , , , , , , , , , , , , , , , , , , , , , , , , , , , , , , , , 
2025-07-12 17:20:14.021 UTC, , ,0,0,0,0, , , , , , , , , , , , , , , , , , , , ,589,3269453,122912,224, ,6, ,101, , , , , , , , , ,6,6, , , , ,2,7, ,96, , , , , , , , , , , , , , ,1362,1,734,734, , , , ,1412,787398668288,57,57,57,57, , , , , , , , , , , , , , , , , , , , , , , , , , , , , , , , ,1412, , , , ,1752340752552,,, , , , , , , , , , , , , , , , , , , , , ,1752340811237,81, , , ,118,3145728,98707,14,23,5,23, , , ,37,37,2,43, ,3,40, , , , , , , , , , ,4096,2,97328,43, , , , , , ,5,89,340099168,6, , , , , , ,59, , , , , , , , , , , , , , , , , , , , , , , , , , , , , , ,30, , ,7,1, , , , , , , , , , , , , ,0, , , , , , , , , , , , , , , , , , , , , , , , , ,1, , , , 
2025-07-12 17:21:15.860 UTC, , ,0,0,0,0, , , , , , , , , , , , , , , , , , , , ,589,3272741,126200,224, ,6, ,44, , , , , , , , , ,6,6, , , , ,2,7, ,49, , , , , , , , , , , , , , ,1362,1,734,734, , , , ,1412,787398668288,57,57,57,57, , , , , , , , , , , , , , , , , , , , , , , , , , , , , , , , ,1412, , , , ,1752340752552,,, , , , , , , , , , , , , , , , , , , , , ,1752340873088,111, , , ,33,3145728,102310,12,12,4,12, , , ,12,12, ,18, ,3,15, , , , , , , , , , , , ,3603,18, , , , , , , , ,398819424,5, , , , , , ,18, , , , , , , , , , , , , , , , , , , , , , , , , , , , , , ,12, , ,6, , , , , , , , , , , , , , ,0, , , , , , , , , , , , , , , , , , , , , , , , , , , , , , 
2025-07-12 17:22:17.827 UTC, , ,0,0,0,0, , , , , , , , , , , , , , , , , , , , ,589,3275813,129272,224, ,6, ,44, , , , , , , , , ,6,6, , , , ,2,7, ,49, , , , , , , , , , , , , , ,1362,1,734,734, , , , ,1412,787398668288,57,57,57,57, , , , , , , , , , , , , , , , , , , , , , , , , , , , , , , , ,1412, , , , ,1752340752552,,, , , , , , , , , , , , , , , , , , , , , ,1752340935062,141, , , ,33,3145728,105713,10,10,3,10, , , ,12,12, ,18, ,3,15, , , , , , , , , , , , ,3404,18, , , , , , , , ,409305184,6, , , , , , ,18, , , , , , , , , , , , , , , , , , , , , , , , , , , , , , ,12, , ,6, , , , , , , , , , , , , , ,0, , , , , , , , , , , , , , , , , , , , , , , , , , , , , , 
2025-07-12 17:23:19.574 UTC, , ,0,0,0,0, , , , , , , , , , , , , , , , , , , , ,589,3278885,132344,224, ,6, ,44, , , , , , , , , ,6,6, , , , ,2,7, ,49, , , , , , , , , , , , , , ,1362,1,734,734, , , , ,1412,787398668288,57,57,57,57, , , , , , , , , , , , , , , , , , , , , , , , , , , , , , , , ,1412, , , , ,1752340752552,,, , , , , , , , , , , , , , , , , , , , , ,1752340996815,171, , , ,32,3145728,109121,9,9,3,9, , , ,12,12, ,18, ,3,15, , , , , , , , , , , , ,3408,18, , , , , , , , ,438665312,7, , , , , , ,18, , , , , , , , , , , , , , , , , , , , , , , , , , , , , , ,12, , ,6, , , , , , , , , , , , , , ,0, , , , , , , , , , , , , , , , , , , , , , , , , , , , , , 
2025-07-12 17:24:21.456 UTC, , ,0,0,0,0, , , , , , , , , , , , , , , , , , , , ,589,3281957,135416,224, ,6, ,44, , , , , , , , , ,6,6, , , , ,2,7, ,49, , , , , , , , , , , , , , ,1362,1,734,734, , , , ,1412,787398668288,57,57,57,57, , , , , , , , , , , , , , , , , , , , , , , , , , , , , , , , ,1412, , , , ,1752340752552,,, , , , , , , , , , , , , , , , , , , , , ,1752341058707,201, , , ,32,3145728,112538,9,9,4,9, , , ,12,12, ,18, ,3,15, , , , , , , , , , , , ,3418,18, , , , , , , , ,465928288,6, , , , , , ,18, , , , , , , , , , , , , , , , , , , , , , , , , , , , , , ,12, , ,6, , , , , , , , , , , , , , ,0, , , , , , , , , , , , , , , , , , , , , , , , , , , , , , 
2025-07-12 17:25:23.329 UTC, , ,0,0,0,0, , , , , , , , , , , , , , , , , , , , ,589,3285029,138488,224, ,6, ,44, , , , , , , , , ,6,6, , , , ,2,7, ,49, , , , , , , , , , , , , , ,1362,1,734,734, , , , ,1412,787398668288,57,57,57,57, , , , , , , , , , , , , , , , , , , , , , , , , , , , , , , , ,1412, , , , ,1752340752552,,, , , , , , , , , , , , , , , , , , , , , ,1752341120590,231, , , ,31,3145728,115976,13,13,5,13, , , ,12,12, ,18, ,3,15, , , , , , , , , , , , ,3438,18, , , , , , , , ,474316896,4, , , , , , ,18, , , , , , , , , , , , , , , , , , , , , , , , , , , , , , ,12, , ,6, , , , , , , , , , , , , , ,0, , , , , , , , , , , , , , , , , , , , , , , , , , , , , , 
2025-07-12 17:26:25.203 UTC, , ,0,0,0,0, , , , , , , , , , , , , , , , , , , , ,589,3288317,141776,224, ,6, ,44, , , , , , , , , ,6,6, , , , ,2,7, ,49, , , , , , , , , , , , , , ,1362,1,734,734, , , , ,1412,787398668288,57,57,57,57, , , , , , , , , , , , , , , , , , , , , , , , , , , , , , , , ,1412, , , , ,1752340752552,,, , , , , , , , , , , , , , , , , , , , , ,1752341181539,261, , , ,33,3145728,119627,10,10,4,10, , , ,12,12, ,18, ,3,15, , , , , , , , , , , , ,3651,18, , , , , , , , ,501579872,5, , , , , , ,18, , , , , , , , , , , , , , , , , , , , , , , , , , , , , , ,12, , ,6, , , , , , , , , , , , , , ,0, , , , , , , , , , , , , , , , , , , , , , , , , , , , , , 
2025-07-12 17:27:26.082 UTC, , ,0,0,0,0, , , , , , , , , , , , , , , , , , , , ,589,3291389,144848,224, ,6, ,44, , , , , , , , , ,6,6, , , , ,2,7, ,49, , , , , , , , , , , , , , ,1362,1,734,734, , , , ,1412,787398668288,57,57,57,57, , , , , , , , , , , , , , , , , , , , , , , , , , , , , , , , ,1412, , , , ,1752340752552,,, , , , , , , , , , , , , , , , , , , , , ,1752341243357,291, , , ,33,3145728,123065,9,9,3,9, , , ,12,12, ,18, ,3,15, , , , , , , , , , , , ,3438,18, , , , , , , , ,526745696,5, , , , , , ,18, , , , , , , , , , , , , , , , , , , , , , , , , , , , , , ,12, , ,6, , , , , , , , , , , , , , ,0, , , , , , , , , , , , , , , , , , , , , , , , , , , , , , 
2025-07-12 17:28:27.913 UTC, , ,0,0,0,0, , , , , , , , , , , , , , , , , , , , ,589,3294461,147920,224, ,6, ,44, , , , , , , , , ,6,6, , , , ,2,7, ,49, , , , , , , , , , , , , , ,1362,1,734,734, , , , ,1412,787398668288,57,57,57,57, , , , , , , , , , , , , , , , , , , , , , , , , , , , , , , , ,1412, , , , ,1752340752552,,, , , , , , , , , , , , , , , , , , , , , ,1752341305196,321, , , ,33,3145728,126503,12,12,6,12, , , ,12,12, ,18, ,3,15, , , , , , , , , , , , ,3438,18, , , , , , , , ,537231456,5, , , , , , ,18, , , , , , , , , , , , , , , , , , , , , , , , , , , , , , ,12, , ,6, , , , , , , , , , , , , , ,0, , , , , , , , , , , , , , , , , , , , , , , , , , , , , , 
2025-07-12 17:29:29.780 UTC, , ,0,0,0,0, , , , , , , , , , , , , , , , , , , , ,589,3296901,150360,224, ,7, ,45, , , , , , , , , ,7,6, , , ,2,2,7, ,49, , , , , , , , , , , , , , ,1362,1,734,734, , , , ,1412,787398668288,57,57,57,57, , , , , , , , , , , , , , , , , , , , , , , , , , , , , , , , ,1412, , , , ,1752340752552,,, , , , , , , , , , , , , , , , , , , , , ,1752341367071,351, , , ,33,3145728,132157,13,13,5,13, , , ,12,12, ,18, ,3,15, , , , , , , , , , , , ,5654,18, , , , , , , , ,564494432,6, , , , , , ,18, , , , , , , , , , , , , , , , , , , , , , , , , , , , , , ,12, , ,6, , , , , , , , , , , , , , ,0, , , , , , , , , , , , , , , , , , , , , , , , , , , , , , 
2025-07-12 17:30:31.585 UTC, , ,0,0,0,0, , , , , , , , , , , , , , , , , , , , ,589,3300317,153776,224, ,7, ,44, , , , , , , , , ,7,6, , , ,2,2,7, ,49, , , , , , , , , , , , , , ,1362,1,734,734, , , , ,1412,787398668288,57,57,57,57, , , , , , , , , , , , , , , , , , , , , , , , , , , , , , , , ,1412, , , , ,1752340752552,,, , , , , , , , , , , , , , , , , , , , , ,1752341428892,381, , , ,33,3145728,135599,21,21,7,21, , , ,12,12, ,18, ,3,15, , , , , , , , , , , , ,3443,18, , , , , , , , ,585465952,8, , , , , , ,18, , , , , , , , , , , , , , , , , , , , , , , , , , , , , , ,12, , ,6, , , , , , , , , , , , , , ,0, , , , , , , , , , , , , , , , , , , , , , , , , , , , , , 
2025-07-12 17:31:33.347 UTC, , ,0,0,0,0, , , , , , , , , , , , , , , , , , , , ,589,3302853,156312,224, ,7, ,44, , , , , , , , , ,7,6, , , ,2,2,7, ,49, , , , , , , , , , , , , , ,1362,1,734,734, , , , ,1412,787398668288,57,57,57,57, , , , , , , , , , , , , , , , , , , , , , , , , , , , , , , , ,1412, , , , ,1752340752552,,, , , , , , , , , , , , , , , , , , , , , ,1752341490669,411, , , ,32,3145728,139269,12,12,5,12, , , ,12,12, ,18, ,3,15, , , , , , , , , , , , ,3670,18, , , , , , , , ,602243168,6, , , , , , ,18, , , , , , , , , , , , , , , , , , , , , , , , , , , , , , ,12, , ,6, , , , , , , , , , , , , , ,0, , , , , , , , , , , , , , , , , , , , , , , , , , , , , , 
2025-07-12 17:32:35.119 UTC, , ,0,0,0,0, , , , , , , , , , , , , , , , , , , , ,589,3306397,159856,224, ,7, ,44, , , , , , , , , ,7,6, , , ,2,2,7, ,49, , , , , , , , , , , , , , ,1362,1,734,734, , , , ,1412,787398668288,57,57,57,57, , , , , , , , , , , , , , , , , , , , , , , , , , , , , , , , ,1412, , , , ,1752340752552,,, , , , , , , , , , , , , , , , , , , , , ,1752341552447,441, , , ,32,3145728,142725,10,10,4,10, , , ,12,12, ,18, ,3,15, , , , , , , , , , , , ,3456,18, , , , , , ,1,33,214125168,7, , , , , , ,18, , , , , , , , , , , , , , , , , , , , , , , , , , , , , , ,12, , ,6, , , , , , , , , , , , , , ,0, , , , , , , , , , , , , , , , , , , , , , , , , , , , , , 
2025-07-12 17:33:35.971 UTC, , ,0,0,0,0, , , , , , , , , , , , , , , , , , , , ,589,3308717,162176,224, ,7, ,44, , , , , , , , , ,7,6, , , ,2,2,7, ,49, , , , , , , , , , , , , , ,1362,1,734,734, , , , ,1412,787398668288,57,57,57,57, , , , , , , , , , , , , , , , , , , , , , , , , , , , , , , , ,1412, , , , ,1752340752552,,, , , , , , , , , , , , , , , , , , , , , ,1752341613322,471, , , ,34,3145728,146181,19,19,5,19, , , ,12,12, ,18, ,3,16, , , , , , , , , , , , ,3456,18, , , , , , , , ,239290992,10, , , , , , ,18, , , , , , , , , , , , , , , , , , , , , , , , , , , , , , ,12, , ,6, , , , , , , , , , , , , , ,0, , , , , , , , , , , , , , , , , , , , , , , , , , , , , , 
2025-07-12 17:34:37.647 UTC, , ,0,0,0,0, , , , , , , , , , , , , , , , , , , , ,589,3313125,166584,224, ,8, ,45, , , , , , , , , ,8,6, , , ,2,2,7, ,49, , , , , , , , , , , , , , ,1362,1,734,734, , , , ,1412,787398668288,57,57,57,57, , , , , , , , , , , , , , , , , , , , , , , , , , , , , , , , ,1412, , , , ,1752340752552,,, , , , , , , , , , , , , , , , , , , , , ,1752341675023,501, , , ,34,3145728,151858,13,13,6,13, , , ,12,12, ,18, ,3,15, , , , , , , , , , , , ,5677,18, , , , , , , , ,260262512,8, , , , , , ,18, , , , , , , , , , , , , , , , , , , , , , , , , , , , , , ,12, , ,6, , , , , , , , , , , , , , ,0, , , , , , , , , , , , , , , , , , , , , , , , , , , , , , 
2025-07-12 17:35:39.256 UTC, , ,0,0,0,0, , , , , , , , , , , , , , , , , , , , ,589,3316197,169656,224, ,8, ,44, , , , , , , , , ,8,6, , , ,2,2,7, ,49, , , , , , , , , , , , , , ,1362,1,734,734, , , , ,1412,787398668288,57,57,57,57, , , , , , , , , , , , , , , , , , , , , , , , , , , , , , , , ,1412, , , , ,1752340752552,,, , , , , , , , , , , , , , , , , , , , , ,1752341736644,531, , , ,34,3145728,155314,23,23,7,23, , , ,12,12, ,18, ,3,15, , , , , , , , , , , , ,3456,18, , , , , , , , ,281234032,8, , , , , , ,18, , , , , , , , , , , , , , , , , , , , , , , , , , , , , , ,12, , ,6, , , , , , , , , , , , , , ,0, , , , , , , , , , , , , , , , , , , , , , , , , , , , , , 
2025-07-12 17:36:40.727 UTC, , ,0,0,0,0, , , , , , , , , , , , , , , , , , , , ,589,3319485,172944,224, ,8, ,44, , , , , , , , , ,8,6, , , ,2,2,7, ,49, , , , , , , , , , , , , , ,1362,1,734,734, , , , ,1412,787398668288,57,57,57,57, , , , , , , , , , , , , , , , , , , , , , , , , , , , , , , , ,1412, , , , ,1752340752552,,, , , , , , , , , , , , , , , , , , , , , ,1752341798120,561, , , ,34,3145728,158984,9,9,4,9, , , ,12,12, ,18, ,3,15, , , , , , , , , , , , ,3670,18, , , , , , , , ,304302704,7, , , , , , ,18, , , , , , , , , , , , , , , , , , , , , , , , , , , , , , ,12, , ,6, , , , , , , , , , , , , , ,0, , , , , , , , , , , , , , , , , , , , , , , , , , , , , , 
2025-07-12 17:37:42.221 UTC, , ,0,0,0,0, , , , , , , , , , , , , , , , , , , , ,589,3322557,176016,224, ,8, ,44, , , , , , , , , ,8,6, , , ,2,2,7, ,49, , , , , , , , , , , , , , ,1362,1,734,734, , , , ,1412,787398668288,57,57,57,57, , , , , , , , , , , , , , , , , , , , , , , , , , , , , , , , ,1412, , , , ,1752340752552,,, , , , , , , , , , , , , , , , , , , , , ,1752341859617,591, , , ,33,3145728,162440,52,52,8,52, , , ,12,12, ,18, ,3,15, , , , , , , , , , , , ,3456,18, , , , , , , , ,323177072,10, , , , , , ,18, , , , , , , , , , , , , , , , , , , , , , , , , , , , , , ,12, , ,6, , , , , , , , , , , , , , ,0, , , , , , , , , , , , , , , , , , , , , , , , , , , , , , 
2025-07-12 17:38:43.795 UTC, , ,0,0,0,0, , , , , , , , , , , , , , , , , , , , ,589,3325629,179088,224, ,8, ,44, , , , , , , , , ,8,6, , , ,2,2,7, ,49, , , , , , , , , , , , , , ,1362,1,734,734, , , , ,1412,787398668288,57,57,57,57, , , , , , , , , , , , , , , , , , , , , , , , , , , , , , , , ,1412, , , , ,1752340752552,,, , , , , , , , , , , , , , , , , , , , , ,1752341921210,621, , , ,33,3145728,165900,29,29,8,29, , , ,12,12, ,18, ,3,15, , , , , , , , , , , , ,3461,18, , , , , , , , ,346245744,11, , , , , , ,18, , , , , , , , , , , , , , , , , , , , , , , , , , , , , , ,12, , ,6, , , , , , , , , , , , , , ,0, , , , , , , , , , , , , , , , , , , , , , , , , , , , , , 
2025-07-12 17:39:45.393 UTC, , ,0,0,0,0, , , , , , , , , , , , , , , , , , , , ,589,3328701,182160,224, ,8, ,44, , , , , , , , , ,8,6, , , ,2,2,7, ,49, , , , , , , , , , , , , , ,1362,1,734,734, , , , ,1412,787398668288,57,57,57,57, , , , , , , , , , , , , , , , , , , , , , , , , , , , , , , , ,1412, , , , ,1752340752552,,, , , , , , , , , , , , , , , , , , , , , ,1752341982006,651, , , ,34,3145728,169386,17,17,5,17, , , ,12,12, ,18, ,3,15, , , , , , , , , , , , ,3486,18, , , , , , , , ,367217264,7, , , , , , ,18, , , , , , , , , , , , , , , , , , , , , , , , , , , , , , ,12, , ,6, , , , , , , , , , , , , , ,0, , , , , , , , , , , , , , , , , , , , , , , , , , , , , , 
2025-07-12 17:40:46.201 UTC, , ,0,0,0,0, , , , , , , , , , , , , , , , , , , , ,589,3331773,185232,224, ,8, ,44, , , , , , , , , ,8,6, , , ,2,2,7, ,49, , , , , , , , , , , , , , ,1362,1,734,734, , , , ,1412,787398668288,57,57,57,57, , , , , , , , , , , , , , , , , , , , , , , , , , , , , , , , ,1412, , , , ,1752340752552,,, , , , , , , , , , , , , , , , , , , , , ,1752342043625,681, , , ,34,3145728,172872,9,9,4,9, , , ,12,12, ,18, ,3,15, , , , , , , , , , , , ,3486,18, , , , , , , , ,388188784,6, , , , , , ,18, , , , , , , , , , , , , , , , , , , , , , , , , , , , , , ,12, , ,6, , , , , , , , , , , , , , ,0, , , , , , , , , , , , , , , , , , , , , , , , , , , , , , 
2025-07-12 17:41:47.935 UTC, , ,0,0,0,0, , , , , , , , , , , , , , , , , , , , ,589,3335061,188520,224, ,8, ,44, , , , , , , , , ,8,6, , , ,2,2,7, ,49, , , , , , , , , , , , , , ,1362,1,734,734, , , , ,1412,787398668288,57,57,57,57, , , , , , , , , , , , , , , , , , , , , , , , , , , , , , , , ,1412, , , , ,1752340752552,,, , , , , , , , , , , , , , , , , , , , , ,1752342105372,711, , , ,34,3145728,176572,10,10,5,10, , , ,12,12, ,18, ,3,15, , , , , , , , , , , , ,3700,18, , , , , , , , ,409160304,6, , , , , , ,18, , , , , , , , , , , , , , , , , , , , , , , , , , , , , , ,12, , ,6, , , , , , , , , , , , , , ,0, , , , , , , , , , , , , , , , , , , , , , , , , , , , , , 
2025-07-12 17:42:49.637 UTC, , ,0,0,0,0, , , , , , , , , , , , , , , , , , , , ,589,3338133,191592,224, ,8, ,44, , , , , , , , , ,8,6, , , ,2,2,7, ,49, , , , , , , , , , , , , , ,1362,1,734,734, , , , ,1412,787398668288,57,57,57,57, , , , , , , , , , , , , , , , , , , , , , , , , , , , , , , , ,1412, , , , ,1752340752552,,, , , , , , , , , , , , , , , , , , , , , ,1752342167082,741, , , ,34,3145728,180058,7,7,3,7, , , ,12,12, ,18, ,3,15, , , , , , , , , , , , ,3486,18, , , , , , , , ,428034672,6, , , , , , ,18, , , , , , , , , , , , , , , , , , , , , , , , , , , , , , ,12, , ,6, , , , , , , , , , , , , , ,0, , , , , , , , , , , , , , , , , , , , , , , , , , , , , , 
2025-07-12 17:43:51.301 UTC, , ,0,0,0,0, , , , , , , , , , , , , , , , , , , , ,589,3341205,194664,224, ,8, ,44, , , , , , , , , ,8,6, , , ,2,2,7, ,49, , , , , , , , , , , , , , ,1362,1,734,734, , , , ,1412,787398668288,57,57,57,57, , , , , , , , , , , , , , , , , , , , , , , , , , , , , , , , ,1412, , , , ,1752340752552,,, , , , , , , , , , , , , , , , , , , , , ,1752342228757,771, , , ,34,3145728,183544,12,12,5,12, , , ,12,12, ,18, ,3,15, , , , , , , , , , , , ,3486,18, , , , , , , , ,449006192,6, , , , , , ,18, , , , , , , , , , , , , , , , , , , , , , , , , , , , , , ,12, , ,6, , , , , , , , , , , , , , ,0, , , , , , , , , , , , , , , , , , , , , , , , , , , , , , 
2025-07-12 17:44:52.940 UTC, , ,0,0,0,0, , , , , , , , , , , , , , , , , , , , ,589,3344277,197736,224, ,8, ,44, , , , , , , , , ,8,6, , , ,2,2,7, ,49, , , , , , , , , , , , , , ,1362,1,734,734, , , , ,1412,787398668288,57,57,57,57, , , , , , , , , , , , , , , , , , , , , , , , , , , , , , , , ,1412, , , , ,1752340752552,,, , , , , , , , , , , , , , , , , , , , , ,1752342291404,801, , , ,31,3145728,187030,14,14,5,14, , , ,12,12, ,18, ,3,15, , , , , , , , , , , , ,3486,18, , , , , , , , ,467880560,6, , , , , , ,18, , , , , , , , , , , , , , , , , , , , , , , , , , , , , , ,12, , ,6, , , , , , , , , , , , , , ,0, , , , , , , , , , , , , , , , , , , , , , , , , , , , , , 
2025-07-12 17:45:54.540 UTC, , ,0,0,0,0, , , , , , , , , , , , , , , , , , , , ,589,3346917,200376,224, ,9, ,45, , , , , , , , , ,9,6, , , ,3,2,7, ,49, , , , , , , , , , , , , , ,1362,1,734,734, , , , ,1412,787398668288,57,57,57,57, , , , , , , , , , , , , , , , , , , , , , , , , , , , , , , , ,1412, , , , ,1752340752552,,, , , , , , , , , , , , , , , , , , , , , ,1752342353013,831, , , ,32,3145728,192751,10,10,4,10, , , ,12,12, ,18, ,3,15, , , , , , , , , , , , ,5721,18, , , , , , , , ,488852080,6, , , , , , ,18, , , , , , , , , , , , , , , , , , , , , , , , , , , , , , ,12, , ,6, , , , , , , , , , , , , , ,0, , , , , , , , , , , , , , , , , , , , , , , , , , , , , , 
2025-07-12 17:46:56.132 UTC, , ,0,0,0,0, , , , , , , , , , , , , , , , , , , , ,589,3349989,203448,224, ,9, ,44, , , , , , , , , ,9,6, , , ,3,2,7, ,49, , , , , , , , , , , , , , ,1362,1,734,734, , , , ,1412,787398668288,57,57,57,57, , , , , , , , , , , , , , , , , , , , , , , , , , , , , , , , ,1412, , , , ,1752340752552,,, , , , , , , , , , , , , , , , , , , , , ,1752342413769,861, , , ,33,3145728,196237,11,11,4,11, , , ,12,12, ,18, ,3,15, , , , , , , , , , , , ,3486,18, , , , , , , , ,507726448,6, , , , , , ,18, , , , , , , , , , , , , , , , , , , , , , , , , , , , , , ,12, , ,6, , , , , , , , , , , , , , ,0, , , , , , , , , , , , , , , , , , , , , , , , , , , , , , 
2025-07-12 17:47:56.881 UTC, , ,0,0,0,0, , , , , , , , , , , , , , , , , , , , ,589,3354109,207568,224, ,9, ,44, , , , , , , , , ,9,6, , , ,3,2,7, ,49, , , , , , , , , , , , , , ,1362,1,734,734, , , , ,1412,787398668288,57,57,57,57, , , , , , , , , , , , , , , , , , , , , , , , , , , , , , , , ,1412, , , , ,1752340752552,,, , , , , , , , , , , , , , , , , , , , , ,1752342475371,891, , , ,33,3145728,199937,12,12,4,12, , , ,12,12, ,18, ,3,15, , , , , , , , , , , , ,3700,18, , , , , , , , ,528697968,7, , , , , , ,18, , , , , , , , , , , , , , , , , , , , , , , , , , , , , , ,12, , ,6, , , , , , , , , , , , , , ,0, , , , , , , , , , , , , , , , , , , , , , , , , , , , , , 
2025-07-12 17:48:58.395 UTC, , ,0,0,0,0, , , , , , , , , , , , , , , , , , , , ,589,3357181,210640,224, ,9, ,44, , , , , , , , , ,9,6, , , ,3,2,7, ,49, , , , , , , , , , , , , , ,1362,1,734,734, , , , ,1412,787398668288,57,57,57,57, , , , , , , , , , , , , , , , , , , , , , , , , , , , , , , , ,1412, , , , ,1752340752552,,, , , , , , , , , , , , , , , , , , , , , ,1752342536930,921, , , ,33,3145728,203423,16,16,6,16, , , ,12,12, ,18, ,3,16, , , , , , , , , , , , ,3486,18, , , , , , , , ,549669488,6, , , , , , ,18, , , , , , , , , , , , , , , , , , , , , , , , , , , , , , ,12, , ,6, , , , , , , , , , , , , , ,0, , , , , , , , , , , , , , , , , , , , , , , , , , , , , , 
2025-07-12 17:49:59.874 UTC, , ,0,0,0,0, , , , , , , , , , , , , , , , , , , , ,589,3360253,213712,224, ,9, ,44, , , , , , , , , ,9,6, , , ,3,2,7, ,49, , , , , , , , , , , , , , ,1362,1,734,734, , , , ,1412,787398668288,57,57,57,57, , , , , , , , , , , , , , , , , , , , , , , , , , , , , , , , ,1412, , , , ,1752340752552,,, , , , , , , , , , , , , , , , , , , , , ,1752342598421,951, , , ,33,3145728,206909,9,9,4,9, , , ,12,12, ,18, ,3,15, , , , , , , , , , , , ,3486,18, , , , , , , , ,570641008,5, , , , , , ,18, , , , , , , , , , , , , , , , , , , , , , , , , , , , , , ,12, , ,6, , , , , , , , , , , , , , ,0, , , , , , , , , , , , , , , , , , , , , , , , , , , , , , 
2025-07-12 17:51:01.364 UTC, , ,0,0,0,0, , , , , , , , , , , , , , , , , , , , ,589,3363325,216784,224, ,9, ,44, , , , , , , , , ,9,6, , , ,3,2,7, ,49, , , , , , , , , , , , , , ,1362,1,734,734, , , , ,1412,787398668288,57,57,57,57, , , , , , , , , , , , , , , , , , , , , , , , , , , , , , , , ,1412, , , , ,1752340752552,,, , , , , , , , , , , , , , , , , , , , , ,1752342659925,981, , , ,33,3145728,210395,12,12,6,12, , , ,12,12, ,18, ,3,15, , , , , , , , , , , , ,3486,18, , , , , , , , ,591612528,6, , , , , , ,18, , , , , , , , , , , , , , , , , , , , , , , , , , , , , , ,12, , ,6, , , , , , , , , , , , , , ,0, , , , , , , , , , , , , , , , , , , , , , , , , , , , , , 
2025-07-12 17:52:02.883 UTC, , ,0,0,0,0, , , , , , , , , , , , , , , , , , , , ,589,3366397,219856,224, ,9, ,44, , , , , , , , , ,9,6, , , ,3,2,7, ,49, , , , , , , , , , , , , , ,1362,1,734,734, , , , ,1412,787398668288,57,57,57,57, , , , , , , , , , , , , , , , , , , , , , , , , , , , , , , , ,1412, , , , ,1752340752552,,, , , , , , , , , , , , , , , , , , , , , ,1752342721451,1011, , , ,32,3145728,213881,10,10,6,10, , , ,12,12, ,18, ,3,15, , , , , , , , , , , , ,3486,18, , , , , , ,1,35,185357312,7, , , , , , ,18, , , , , , , , , , , , , , , , , , , , , , , , , , , , , , ,12, , ,6, , , , , , , , , , , , , , ,0, , , , , , , , , , , , , , , , , , , , , , , , , , , , , , 
2025-07-12 17:53:04.345 UTC, , ,0,0,0,0, , , , , , , , , , , , , , , , , , , , ,589,3369685,223144,224, ,9, ,44, , , , , , , , , ,9,6, , , ,3,2,7, ,49, , , , , , , , , , , , , , ,1362,1,734,734, , , , ,1412,787398668288,57,57,57,57, , , , , , , , , , , , , , , , , , , , , , , , , , , , , , , , ,1412, , , , ,1752340752552,,, , , , , , , , , , , , , , , , , , , , , ,1752342782918,1041, , , ,32,3145728,217581,11,11,5,11, , , ,12,12, ,18, ,3,15, , , , , , , , , , , , ,3700,18, , , , , , , , ,214717440,6, , , , , , ,18, , , , , , , , , , , , , , , , , , , , , , , , , , , , , , ,12, , ,6, , , , , , , , , , , , , , ,0, , , , , , , , , , , , , , , , , , , , , , , , , , , , , , 
2025-07-12 17:54:05.117 UTC, , ,0,0,0,0, , , , , , , , , , , , , , , , , , , , ,589,3372757,226216,224, ,9, ,44, , , , , , , , , ,9,6, , , ,3,2,7, ,49, , , , , , , , , , , , , , ,1362,1,734,734, , , , ,1412,787398668288,57,57,57,57, , , , , , , , , , , , , , , , , , , , , , , , , , , , , , , , ,1412, , , , ,1752340752552,,, , , , , , , , , , , , , , , , , , , , , ,1752342843698,1071, , , ,33,3145728,221067,11,11,4,11, , , ,12,12, ,18, ,3,15, , , , , , , , , , , , ,3486,18, , , , , , , , ,235688960,7, , , , , , ,18, , , , , , , , , , , , , , , , , , , , , , , , , , , , , , ,12, , ,6, , , , , , , , , , , , , , ,0, , , , , , , , , , , , , , , , , , , , , , , , , , , , , , 
2025-07-12 17:55:06.526 UTC, , ,0,0,0,0, , , , , , , , , , , , , , , , , , , , ,589,3375829,229288,224, ,9, ,44, , , , , , , , , ,9,6, , , ,3,2,7, ,49, , , , , , , , , , , , , , ,1362,1,734,734, , , , ,1412,787398668288,57,57,57,57, , , , , , , , , , , , , , , , , , , , , , , , , , , , , , , , ,1412, , , , ,1752340752552,,, , , , , , , , , , , , , , , , , , , , , ,1752342905115,1101, , , ,33,3145728,224553,12,12,4,12, , , ,12,12, ,18, ,3,15, , , , , , , , , , , , ,3486,18, , , , , , , , ,254563328,8, , , , , , ,18, , , , , , , , , , , , , , , , , , , , , , , , , , , , , , ,12, , ,6, , , , , , , , , , , , , , ,0, , , , , , , , , , , , , , , , , , , , , , , , , , , , , , 
2025-07-12 17:56:07.983 UTC, , ,0,0,0,0, , , , , , , , , , , , , , , , , , , , ,589,3377365,230824,224, ,10, ,45, , , , , , , , , ,10,6, , , ,4,2,7, ,49, , , , , , , , , , , , , , ,1362,1,734,734, , , , ,1412,787398668288,57,57,57,57, , , , , , , , , , , , , , , , , , , , , , , , , , , , , , , , ,1412, , , , ,1752340752552,,, , , , , , , , , , , , , , , , , , , , , ,1752342966579,1131, , , ,33,3145728,230288,17,17,6,17, , , ,12,12, ,18, ,3,15, , , , , , , , , , , , ,5735,18, , , , , , , , ,273437696,7, , , , , , ,18, , , , , , , , , , , , , , , , , , , , , , , , , , , , , , ,12, , ,6, , , , , , , , , , , , , , ,0, , , , , , , , , , , , , , , , , , , , , , , , , , , , , , 
2025-07-12 17:57:09.427 UTC, , ,0,0,0,0, , , , , , , , , , , , , , , , , , , , ,589,3381861,235320,224, ,10, ,44, , , , , , , , , ,10,6, , , ,4,2,6, ,49, , , , , , , , , , , , , , ,1362,1,734,734, , , , ,1412,787398668288,57,57,57,57, , , , , , , , , , , , , , , , , , , , , , , , , , , , , , , , ,1412, , , , ,1752340752552,,, , , , , , , , , , , , , , , , , , , , , ,1752343028032,1161, , , ,33,3145728,233774,10,10,4,10, , , ,12,12, ,18, ,3,15, , , , , , , , , , , , ,3486,18, , , , , , , , ,290214912,7, , , , , , ,18, , , , , , , , , , , , , , , , , , , , , , , , , , , , , , ,12, , ,6, , , , , , , , , , , , , , ,0, , , , , , , , , , , , , , , , , , , , , , , , , , , , , , 
2025-07-12 17:58:10.942 UTC, , ,0,0,0,0, , , , , , , , , , , , , , , , , , , , ,589,3384933,238392,224, ,10, ,44, , , , , , , , , ,10,6, , , ,4,2,6, ,49, , , , , , , , , , , , , , ,1362,1,734,734, , , , ,1412,787398668288,57,57,57,57, , , , , , , , , , , , , , , , , , , , , , , , , , , , , , , , ,1412, , , , ,1752340752552,,, , , , , , , , , , , , , , , , , , , , , ,1752343089567,1191, , , ,33,3145728,237260,14,14,5,14, , , ,12,12, ,18, ,3,15, , , , , , , , , , , , ,3486,18, , , , , , , , ,315380736,8, , , , , , ,18, , , , , , , , , , , , , , , , , , , , , , , , , , , , , , ,12, , ,6, , , , , , , , , , , , , , ,0, , , , , , , , , , , , , , , , , , , , , , , , , , , , , , 
2025-07-12 17:59:12.382 UTC, , ,0,0,0,0, , , , , , , , , , , , , , , , , , , , ,589,3388221,241680,224, ,10, ,44, , , , , , , , , ,10,6, , , ,4,2,6, ,49, , , , , , , , , , , , , , ,1362,1,734,734, , , , ,1412,787398668288,57,57,57,57, , , , , , , , , , , , , , , , , , , , , , , , , , , , , , , , ,1412, , , , ,1752340752552,,, , , , , , , , , , , , , , , , , , , , , ,1752343151013,1221, , , ,33,3145728,240960,9,9,4,9, , , ,12,12, ,18, ,3,15, , , , , , , , , , , , ,3700,18, , , , , , , , ,338449408,6, , , , , , ,18, , , , , , , , , , , , , , , , , , , , , , , , , , , , , , ,12, , ,6, , , , , , , , , , , , , , ,0, , , , , , , , , , , , , , , , , , , , , , , , , , , , , , 
2025-07-12 18:00:13.854 UTC, , ,0,0,0,0, , , , , , , , , , , , , , , , , , , , ,589,3391293,244752,224, ,10, ,44, , , , , , , , , ,10,6, , , ,4,2,6, ,49, , , , , , , , , , , , , , ,1362,1,734,734, , , , ,1412,787398668288,57,57,57,57, , , , , , , , , , , , , , , , , , , , , , , , , , , , , , , , ,1412, , , , ,1752340752552,,, , , , , , , , , , , , , , , , , , , , , ,1752343212497,1251, , , ,32,3145728,244446,12,12,3,12, , , ,12,12, ,18, ,3,15, , , , , , , , , , , , ,3486,18, , , , , , , , ,357323776,23, , , , , , ,18, , , , , , , , , , , , , , , , , , , , , , , , , , , , , , ,12, , ,6, , , , , , , , , , , , , , ,0, , , , , , , , , , , , , , , , , , , , , , , , , , , , , , 
2025-07-12 18:01:14.598 UTC, , ,0,0,0,0, , , , , , , , , , , , , , , , , , , , ,589,3394365,247824,224, ,10, ,44, , , , , , , , , ,10,6, , , ,4,2,6, ,49, , , , , , , , , , , , , , ,1362,1,734,734, , , , ,1412,787398668288,57,57,57,57, , , , , , , , , , , , , , , , , , , , , , , , , , , , , , , , ,1412, , , , ,1752340752552,,, , , , , , , , , , , , , , , , , , , , , ,1752343273250,1281, , , ,34,3145728,247932,18,18,5,18, , , ,12,12, ,18, ,3,15, , , , , , , , , , , , ,3486,18, , , , , , , , ,376198144,13, , , , , , ,18, , , , , , , , , , , , , , , , , , , , , , , , , , , , , , ,12, , ,6, , , , , , , , , , , , , , ,0, , , , , , , , , , , , , , , , , , , , , , , , , , , , , , 
2025-07-12 18:02:15.973 UTC, , ,0,0,0,0, , , , , , , , , , , , , , , , , , , , ,589,3397437,250896,224, ,10, ,44, , , , , , , , , ,10,6, , , ,4,2,6, ,49, , , , , , , , , , , , , , ,1362,1,734,734, , , , ,1412,787398668288,57,57,57,57, , , , , , , , , , , , , , , , , , , , , , , , , , , , , , , , ,1412, , , , ,1752340752552,,, , , , , , , , , , , , , , , , , , , , , ,1752343334633,1311, , , ,34,3145728,251418,9,9,3,9, , , ,12,12, ,18, ,3,15, , , , , , , , , , , , ,3486,18, , , , , , , , ,395072512,9, , , , , , ,18, , , , , , , , , , , , , , , , , , , , , , , , , , , , , , ,12, , ,6, , , , , , , , , , , , , , ,0, , , , , , , , , , , , , , , , , , , , , , , , , , , , , , 
2025-07-12 18:03:17.319 UTC, , ,0,0,0,0, , , , , , , , , , , , , , , , , , , , ,589,3400509,253968,224, ,10, ,44, , , , , , , , , ,10,6, , , ,4,2,6, ,49, , , , , , , , , , , , , , ,1362,1,734,734, , , , ,1412,787398668288,57,57,57,57, , , , , , , , , , , , , , , , , , , , , , , , , , , , , , , , ,1412, , , , ,1752340752552,,, , , , , , , , , , , , , , , , , , , , , ,1752343395986,1341, , , ,34,3145728,254904,8,8,3,8, , , ,12,12, ,18, ,3,15, , , , , , , , , , , , ,3486,18, , , , , , , , ,418141184,6, , , , , , ,18, , , , , , , , , , , , , , , , , , , , , , , , , , , , , , ,12, , ,6, , , , , , , , , , , , , , ,0, , , , , , , , , , , , , , , , , , , , , , , , , , , , , , 
2025-07-12 18:04:18.742 UTC, , ,0,0,0,0, , , , , , , , , , , , , , , , , , , , ,589,3403581,257040,224, ,10, ,44, , , , , , , , , ,10,6, , , ,4,2,6, ,49, , , , , , , , , , , , , , ,1362,1,734,734, , , , ,1412,787398668288,57,57,57,57, , , , , , , , , , , , , , , , , , , , , , , , , , , , , , , , ,1412, , , , ,1752340752552,,, , , , , , , , , , , , , , , , , , , , , ,1752343457419,1371, , , ,34,3145728,258390,12,12,5,12, , , ,12,12, ,18, ,3,15, , , , , , , , , , , , ,3486,18, , , , , , , , ,441209856,5, , , , , , ,18, , , , , , , , , , , , , , , , , , , , , , , , , , , , , , ,12, , ,6, , , , , , , , , , , , , , ,0, , , , , , , , , , , , , , , , , , , , , , , , , , , , , , 
2025-07-12 18:05:20.202 UTC, , ,0,0,0,0, , , , , , , , , , , , , , , , , , , , ,589,3406869,260328,224, ,10, ,44, , , , , , , , , ,10,6, , , ,4,2,6, ,49, , , , , , , , , , , , , , ,1362,1,734,734, , , , ,1412,787398668288,57,57,57,57, , , , , , , , , , , , , , , , , , , , , , , , , , , , , , , , ,1412, , , , ,1752340752552,,, , , , , , , , , , , , , , , , , , , , , ,1752343518885,1401, , , ,33,3145728,262090,9,9,4,9, , , ,12,12, ,18, ,3,16, , , , , , , , , , , , ,3700,18, , , , , , , , ,457987072,6, , , , , , ,18, , , , , , , , , , , , , , , , , , , , , , , , , , , , , , ,12, , ,6, , , , , , , , , , , , , , ,0, , , , , , , , , , , , , , , , , , , , , , , , , , , , , , 
2025-07-12 18:06:21.668 UTC, , ,0,0,0,0, , , , , , , , , , , , , , , , , , , , ,589,3409941,263400,224, ,10, ,44, , , , , , , , , ,10,6, , , ,4,2,6, ,49, , , , , , , , , , , , , , ,1362,1,734,734, , , , ,1412,787398668288,57,57,57,57, , , , , , , , , , , , , , , , , , , , , , , , , , , , , , , , ,1412, , , , ,1752340752552,,, , , , , , , , , , , , , , , , , , , , , ,1752343580360,1431, , , ,33,3145728,265576,11,11,4,11, , , ,12,12, ,18, ,3,15, , , , , , , , , , , , ,3486,18, , , , , , , , ,478958592,5, , , , , , ,18, , , , , , , , , , , , , , , , , , , , , , , , , , , , , , ,12, , ,6, , , , , , , , , , , , , , ,0, , , , , , , , , , , , , , , , , , , , , , , , , , , , , , 
2025-07-12 18:07:23.103 UTC, , ,0,0,0,0, , , , , , , , , , , , , , , , , , , , ,589,3412581,266040,224, ,11, ,45, , , , , , , , , ,11,6, , , ,5,2,6, ,49, , , , , , , , , , , , , , ,1362,1,734,734, , , , ,1412,787398668288,57,57,57,57, , , , , , , , , , , , , , , , , , , , , , , , , , , , , , , , ,1412, , , , ,1752340752552,,, , , , , , , , , , , , , , , , , , , , , ,1752343641819,1461, , , ,32,3145728,271325,10,10,4,10, , , ,12,12, ,18, ,3,15, , , , , , , , , , , , ,5749,18, , , , , , , , ,497832960,6, , , , , , ,18, , , , , , , , , , , , , , , , , , , , , , , , , , , , , , ,12, , ,6, , , , , , , , , , , , , , ,0, , , , , , , , , , , , , , , , , , , , , , , , , , , , , , 
2025-07-12 18:08:23.820 UTC, , ,0,0,0,0, , , , , , , , , , , , , , , , , , , , ,589,3415653,269112,224, ,11, ,44, , , , , , , , , ,11,6, , , ,5,2,6, ,49, , , , , , , , , , , , , , ,1362,1,734,734, , , , ,1412,787398668288,57,57,57,57, , , , , , , , , , , , , , , , , , , , , , , , , , , , , , , , ,1412, , , , ,1752340752552,,, , , , , , , , , , , , , , , , , , , , , ,1752343702546,1491, , , ,34,3145728,274811,9,9,4,9, , , ,12,12, ,18, ,3,15, , , , , , , , , , , , ,3486,18, , , , , , , , ,518804480,7, , , , , , ,18, , , , , , , , , , , , , , , , , , , , , , , , , , , , , , ,12, , ,6, , , , , , , , , , , , , , ,0, , , , , , , , , , , , , , , , , , , , , , , , , , , , , , 
2025-07-12 18:09:25.179 UTC, , ,0,0,0,0, , , , , , , , , , , , , , , , , , , , ,589,3418725,272184,224, ,11, ,44, , , , , , , , , ,11,6, , , ,5,2,6, ,49, , , , , , , , , , , , , , ,1362,1,734,734, , , , ,1412,787398668288,57,57,57,57, , , , , , , , , , , , , , , , , , , , , , , , , , , , , , , , ,1412, , , , ,1752340752552,,, , , , , , , , , , , , , , , , , , , , , ,1752343763914,1521, , , ,34,3145728,278297,10,10,4,10, , , ,12,12, ,18, ,3,15, , , , , , , , , , , , ,3486,18, , , , , , , , ,541873152,5, , , , , , ,18, , , , , , , , , , , , , , , , , , , , , , , , , , , , , , ,12, , ,6, , , , , , , , , , , , , , ,0, , , , , , , , , , , , , , , , , , , , , , , , , , , , , , 
2025-07-12 18:10:26.558 UTC, , ,0,0,0,0, , , , , , , , , , , , , , , , , , , , ,589,3421821,275280,224, ,11, ,44, , , , , , , , , ,11,6, , , ,5,2,6, ,49, , , , , , , , , , , , , , ,1362,1,734,734, , , , ,1412,787398668288,57,57,57,57, , , , , , , , , , , , , , , , , , , , , , , , , , , , , , , , ,1412, , , , ,1752340752552,,, , , , , , , , , , , , , , , , , , , , , ,1752343825301,1551, , , ,34,3145728,281997,11,11,3,11, , , ,12,12, ,18, ,3,15, , , , , , , , , , , , ,3700,18, , , , , , , , ,560747520,5, , , , , , ,18, , , , , , , , , , , , , , , , , , , , , , , , , , , , , , ,12, , ,6, , , , , , , , , , , , , , ,0, , , , , , , , , , , , , , , , , , , , , , , , , , , , , , 
2025-07-12 18:11:27.883 UTC, , ,0,0,0,0, , , , , , , , , , , , , , , , , , , , ,589,3424893,278352,224, ,11, ,44, , , , , , , , , ,11,6, , , ,5,2,6, ,49, , , , , , , , , , , , , , ,1362,1,734,734, , , , ,1412,787398668288,57,57,57,57, , , , , , , , , , , , , , , , , , , , , , , , , , , , , , , , ,1412, , , , ,1752340752552,,, , , , , , , , , , , , , , , , , , , , , ,1752343886631,1581, , , ,34,3145728,285483,14,14,5,14, , , ,12,12, ,18, ,3,15, , , , , , , , , , , , ,3486,18, , , , , , , , ,579621888,6, , , , , , ,18, , , , , , , , , , , , , , , , , , , , , , , , , , , , , , ,12, , ,6, , , , , , , , , , , , , , ,0, , , , , , , , , , , , , , , , , , , , , , , , , , , , , , 
2025-07-12 18:12:29.287 UTC, , ,0,0,0,0, , , , , , , , , , , , , , , , , , , , ,589,3427965,281424,224, ,11, ,44, , , , , , , , , ,11,6, , , ,5,2,6, ,49, , , , , , , , , , , , , , ,1362,1,734,734, , , , ,1412,787398668288,57,57,57,57, , , , , , , , , , , , , , , , , , , , , , , , , , , , , , , , ,1412, , , , ,1752340752552,,, , , , , , , , , , , , , , , , , , , , , ,1752343948086,1611, , , ,33,3145728,288969,17,17,5,17, , , ,12,12, ,18, ,3,15, , , , , , , , , , , , ,3486,18, , , , , , ,1,92,181442424,7, , , , , , ,18, , , , , , , , , , , , , , , , , , , , , , , , , , , , , , ,12, , ,6, , , , , , , , , , , , , , ,0, , , , , , , , , , , , , , , , , , , , , , , , , , , , , , 
2025-07-12 18:13:30.544 UTC, , ,0,0,0,0, , , , , , , , , , , , , , , , , , , , ,589,3431037,284496,224, ,11, ,44, , , , , , , , , ,11,6, , , ,5,2,6, ,49, , , , , , , , , , , , , , ,1362,1,734,734, , , , ,1412,787398668288,57,57,57,57, , , , , , , , , , , , , , , , , , , , , , , , , , , , , , , , ,1412, , , , ,1752340752552,,, , , , , , , , , , , , , , , , , , , , , ,1752344009355,1641, , , ,34,3145728,292455,16,16,6,16, , , ,12,12, ,18, ,3,15, , , , , , , , , , , , ,3486,18, , , , , , , , ,204511096,8, , , , , , ,18, , , , , , , , , , , , , , , , , , , , , , , , , , , , , , ,12, , ,6, , , , , , , , , , , , , , ,0, , , , , , , , , , , , , , , , , , , , , , , , , , , , , , 
2025-07-12 18:14:31.171 UTC, , ,0,0,0,0, , , , , , , , , , , , , , , , , , , , ,589,3434109,287568,224, ,11, ,44, , , , , , , , , ,11,6, , , ,5,2,6, ,49, , , , , , , , , , , , , , ,1362,1,734,734, , , , ,1412,787398668288,57,57,57,57, , , , , , , , , , , , , , , , , , , , , , , , , , , , , , , , ,1412, , , , ,1752340752552,,, , , , , , , , , , , , , , , , , , , , , ,1752344069988,1671, , , ,35,3145728,295941,9,9,3,9, , , ,12,12, ,18, ,3,15, , , , , , , , , , , , ,3486,18, , , , , , , , ,223385464,6, , , , , , ,18, , , , , , , , , , , , , , , , , , , , , , , , , , , , , , ,12, , ,6, , , , , , , , , , , , , , ,0, , , , , , , , , , , , , , , , , , , , , , , , , , , , , , 
2025-07-12 18:15:32.419 UTC, , ,0,0,0,0, , , , , , , , , , , , , , , , , , , , ,589,3437397,290856,224, ,11, ,44, , , , , , , , , ,11,6, , , ,5,2,6, ,49, , , , , , , , , , , , , , ,1362,1,734,734, , , , ,1412,787398668288,57,57,57,57, , , , , , , , , , , , , , , , , , , , , , , , , , , , , , , , ,1412, , , , ,1752340752552,,, , , , , , , , , , , , , , , , , , , , , ,1752344131245,1701, , , ,35,3145728,299641,16,16,5,16, , , ,12,12, ,18, ,3,15, , , , , , , , , , , , ,3700,18, , , , , , , , ,246454136,8, , , , , , ,18, , , , , , , , , , , , , , , , , , , , , , , , , , , , , , ,12, , ,6, , , , , , , , , , , , , , ,0, , , , , , , , , , , , , , , , , , , , , , , , , , , , , , 
2025-07-12 18:16:33.673 UTC, , ,0,0,0,0, , , , , , , , , , , , , , , , , , , , ,589,3440469,293928,224, ,11, ,44, , , , , , , , , ,11,6, , , ,5,2,6, ,49, , , , , , , , , , , , , , ,1362,1,734,734, , , , ,1412,787398668288,57,57,57,57, , , , , , , , , , , , , , , , , , , , , , , , , , , , , , , , ,1412, , , , ,1752340752552,,, , , , , , , , , , , , , , , , , , , , , ,1752344192505,1731, , , ,35,3145728,303127,14,14,5,14, , , ,12,12, ,18, ,3,15, , , , , , , , , , , , ,3486,18, , , , , , , , ,265328504,5, , , , , , ,18, , , , , , , , , , , , , , , , , , , , , , , , , , , , , , ,12, , ,6, , , , , , , , , , , , , , ,0, , , , , , , , , , , , , , , , , , , , , , , , , , , , , , 
2025-07-12 18:17:34.930 UTC, , ,0,0,0,0, , , , , , , , , , , , , , , , , , , , ,589,3443029,296488,224, ,12, ,45, , , , , , , , , ,12,6, , , ,6,2,7, ,49, , , , , , , , , , , , , , ,1362,1,734,734, , , , ,1412,787398668288,57,57,57,57, , , , , , , , , , , , , , , , , , , , , , , , , , , , , , , , ,1412, , , , ,1752340752552,,, , , , , , , , , , , , , , , , , , , , , ,1752344253768,1761, , , ,34,3145728,308890,12,12,4,12, , , ,12,12, ,18, ,3,15, , , , , , , , , , , , ,5763,18, , , , , , , , ,288397176,4, , , , , , ,18, , , , , , , , , , , , , , , , , , , , , , , , , , , , , , ,12, , ,6, , , , , , , , , , , , , , ,0, , , , , , , , , , , , , , , , , , , , , , , , , , , , , , 
2025-07-12 18:18:36.208 UTC, , ,0,0,0,0, , , , , , , , , , , , , , , , , , , , ,589,3446501,299960,224, ,12, ,44, , , , , , , , , ,12,6, , , ,6,2,6, ,49, , , , , , , , , , , , , , ,1362,1,734,734, , , , ,1412,787398668288,57,57,57,57, , , , , , , , , , , , , , , , , , , , , , , , , , , , , , , , ,1412, , , , ,1752340752552,,, , , , , , , , , , , , , , , , , , , , , ,1752344315093,1791, , , ,34,3145728,312376,10,10,4,10, , , ,12,12, ,18, ,3,15, , , , , , , , , , , , ,3486,18, , , , , , , , ,305174392,5, , , , , , ,18, , , , , , , , , , , , , , , , , , , , , , , , , , , , , , ,12, , ,6, , , , , , , , , , , , , , ,0, , , , , , , , , , , , , , , , , , , , , , , , , , , , , , 
2025-07-12 18:19:37.446 UTC, , ,0,0,0,0, , , , , , , , , , , , , , , , , , , , ,589,3449573,303032,224, ,12, ,44, , , , , , , , , ,12,6, , , ,6,2,6, ,49, , , , , , , , , , , , , , ,1362,1,734,734, , , , ,1412,787398668288,57,57,57,57, , , , , , , , , , , , , , , , , , , , , , , , , , , , , , , , ,1412, , , , ,1752340752552,,, , , , , , , , , , , , , , , , , , , , , ,1752344377338,1821, , , ,32,3145728,315862,12,12,4,12, , , ,12,12, ,18, ,3,15, , , , , , , , , , , , ,3486,18, , , , , , , , ,328243064,5, , , , , , ,18, , , , , , , , , , , , , , , , , , , , , , , , , , , , , , ,12, , ,6, , , , , , , , , , , , , , ,0, , , , , , , , , , , , , , , , , , , , , , , , , , , , , , 
2025-07-12 18:20:38.733 UTC, , ,0,0,0,0, , , , , , , , , , , , , , , , , , , , ,589,3452861,306320,224, ,12, ,44, , , , , , , , , ,12,6, , , ,6,2,6, ,49, , , , , , , , , , , , , , ,1362,1,734,734, , , , ,1412,787398668288,57,57,57,57, , , , , , , , , , , , , , , , , , , , , , , , , , , , , , , , ,1412, , , , ,1752340752552,,, , , , , , , , , , , , , , , , , , , , , ,1752344438635,1851, , , ,32,3145728,319562,12,12,3,12, , , ,12,12, ,18, ,3,15, , , , , , , , , , , , ,3700,18, , , , , , , , ,347117432,6, , , , , , ,18, , , , , , , , , , , , , , , , , , , , , , , , , , , , , , ,12, , ,6, , , , , , , , , , , , , , ,0, , , , , , , , , , , , , , , , , , , , , , , , , , , , , , 
2025-07-12 18:21:39.410 UTC, , ,0,0,0,0, , , , , , , , , , , , , , , , , , , , ,589,3455933,309392,224, ,12, ,44, , , , , , , , , ,12,6, , , ,6,2,6, ,49, , , , , , , , , , , , , , ,1362,1,734,734, , , , ,1412,787398668288,57,57,57,57, , , , , , , , , , , , , , , , , , , , , , , , , , , , , , , , ,1412, , , , ,1752340752552,,, , , , , , , , , , , , , , , , , , , , , ,1752344499318,1881, , , ,33,3145728,323048,12,12,5,12, , , ,12,12, ,18, ,3,15, , , , , , , , , , , , ,3486,18, , , , , , , , ,374380408,7, , , , , , ,18, , , , , , , , , , , , , , , , , , , , , , , , , , , , , , ,12, , ,6, , , , , , , , , , , , , , ,0, , , , , , , , , , , , , , , , , , , , , , , , , , , , , , 
2025-07-12 18:22:40.669 UTC, , ,0,0,0,0, , , , , , , , , , , , , , , , , , , , ,589,3459005,312464,224, ,12, ,44, , , , , , , , , ,12,6, , , ,6,2,6, ,49, , , , , , , , , , , , , , ,1362,1,734,734, , , , ,1412,787398668288,57,57,57,57, , , , , , , , , , , , , , , , , , , , , , , , , , , , , , , , ,1412, , , , ,1752340752552,,, , , , , , , , , , , , , , , , , , , , , ,1752344560583,1911, , , ,33,3145728,326534,13,13,6,13, , , ,12,12, ,18, ,3,15, , , , , , , , , , , , ,3486,18, , , , , , , , ,391157624,6, , , , , , ,18, , , , , , , , , , , , , , , , , , , , , , , , , , , , , , ,12, , ,6, , , , , , , , , , , , , , ,0, , , , , , , , , , , , , , , , , , , , , , , , , , , , , , 
2025-07-12 18:23:41.944 UTC, , ,0,0,0,0, , , , , , , , , , , , , , , , , , , , ,589,3462077,315536,224, ,12, ,44, , , , , , , , , ,12,6, , , ,6,2,6, ,49, , , , , , , , , , , , , , ,1362,1,734,734, , , , ,1412,787398668288,57,57,57,57, , , , , , , , , , , , , , , , , , , , , , , , , , , , , , , , ,1412, , , , ,1752340752552,,, , , , , , , , , , , , , , , , , , , , , ,1752344621869,1941, , , ,33,3145728,330020,27,27,7,27, , , ,12,12, ,18, ,3,15, , , , , , , , , , , , ,3486,18, , , , , , , , ,414226296,7, , , , , , ,18, , , , , , , , , , , , , , , , , , , , , , , , , , , , , , ,12, , ,6, , , , , , , , , , , , , , ,0, , , , , , , , , , , , , , , , , , , , , , , , , , , , , , 
2025-07-12 18:24:43.259 UTC, , ,0,0,0,0, , , , , , , , , , , , , , , , , , , , ,589,3465149,318608,224, ,12, ,44, , , , , , , , , ,12,6, , , ,6,2,6, ,49, , , , , , , , , , , , , , ,1362,1,734,734, , , , ,1412,787398668288,57,57,57,57, , , , , , , , , , , , , , , , , , , , , , , , , , , , , , , , ,1412, , , , ,1752340752552,,, , , , , , , , , , , , , , , , , , , , , ,1752344683193,1971, , , ,33,3145728,333506,17,17,9,17, , , ,12,12, ,18, ,3,16, , , , , , , , , , , , ,3486,18, , , , , , , , ,433100664,9, , , , , , ,18, , , , , , , , , , , , , , , , , , , , , , , , , , , , , , ,12, , ,6, , , , , , , , , , , , , , ,0, , , , , , , , , , , , , , , , , , , , , , , , , , , , , , 
2025-07-12 18:25:44.561 UTC, , ,0,0,0,0, , , , , , , , , , , , , , , , , , , , ,589,3468221,321680,224, ,12, ,44, , , , , , , , , ,12,6, , , ,6,2,6, ,49, , , , , , , , , , , , , , ,1362,1,734,734, , , , ,1412,787398668288,57,57,57,57, , , , , , , , , , , , , , , , , , , , , , , , , , , , , , , , ,1412, , , , ,1752340752552,,, , , , , , , , , , , , , , , , , , , , , ,1752344744503,2001, , , ,33,3145728,337206,15,15,4,15, , , ,12,12, ,18, ,3,15, , , , , , , , , , , , ,3700,18, , , , , , , , ,454072184,6, , , , , , ,18, , , , , , , , , , , , , , , , , , , , , , , , , , , , , , ,12, , ,6, , , , , , , , , , , , , , ,0, , , , , , , , , , , , , , , , , , , , , , , , , , , , , , 
2025-07-12 18:26:45.803 UTC, , ,0,0,0,0, , , , , , , , , , , , , , , , , , , , ,589,3471509,324968,224, ,12, ,44, , , , , , , , , ,12,6, , , ,6,2,6, ,49, , , , , , , , , , , , , , ,1362,1,734,734, , , , ,1412,787398668288,57,57,57,57, , , , , , , , , , , , , , , , , , , , , , , , , , , , , , , , ,1412, , , , ,1752340752552,,, , , , , , , , , , , , , , , , , , , , , ,1752344805751,2031, , , ,33,3145728,340692,9,9,3,9, , , ,12,12, ,18, ,3,15, , , , , , , , , , , , ,3486,18, , , , , , , , ,475043704,5, , , , , , ,18, , , , , , , , , , , , , , , , , , , , , , , , , , , , , , ,12, , ,6, , , , , , , , , , , , , , ,0, , , , , , , , , , , , , , , , , , , , , , , , , , , , , , 
2025-07-12 18:27:47.088 UTC, , ,0,0,0,0, , , , , , , , , , , , , , , , , , , , ,589,3474581,328040,224, ,12, ,44, , , , , , , , , ,12,6, , , ,6,2,6, ,49, , , , , , , , , , , , , , ,1362,1,734,734, , , , ,1412,787398668288,57,57,57,57, , , , , , , , , , , , , , , , , , , , , , , , , , , , , , , , ,1412, , , , ,1752340752552,,, , , , , , , , , , , , , , , , , , , , , ,1752344867045,2061, , , ,32,3145728,344178,10,10,3,10, , , ,12,12, ,18, ,3,15, , , , , , , , , , , , ,3486,18, , , , , , , , ,496015224,5, , , , , , ,18, , , , , , , , , , , , , , , , , , , , , , , , , , , , , , ,12, , ,6, , , , , , , , , , , , , , ,0, , , , , , , , , , , , , , , , , , , , , , , , , , , , , , 
2025-07-12 18:28:47.756 UTC, , ,0,0,0,0, , , , , , , , , , , , , , , , , , , , ,589,3477221,330680,224, ,13, ,45, , , , , , , , , ,13,6, , , ,7,2,6, ,49, , , , , , , , , , , , , , ,1362,1,734,734, , , , ,1412,787398668288,57,57,57,57, , , , , , , , , , , , , , , , , , , , , , , , , , , , , , , , ,1412, , , , ,1752340752552,,, , , , , , , , , , , , , , , , , , , , , ,1752344927727,2091, , , ,34,3145728,349955,17,17,5,17, , , ,12,12, ,18, ,3,15, , , , , , , , , , , , ,5777,18, , , , , , , , ,514889592,7, , , , , , ,18, , , , , , , , , , , , , , , , , , , , , , , , , , , , , , ,12, , ,6, , , , , , , , , , , , , , ,0, , , , , , , , , , , , , , , , , , , , , , , , , , , , , , 
2025-07-12 18:29:49.020 UTC, , ,0,0,0,0, , , , , , , , , , , , , , , , , , , , ,589,3480293,333752,224, ,13, ,44, , , , , , , , , ,13,6, , , ,7,2,6, ,49, , , , , , , , , , , , , , ,1362,1,734,734, , , , ,1412,787398668288,57,57,57,57, , , , , , , , , , , , , , , , , , , , , , , , , , , , , , , , ,1412, , , , ,1752340752552,,, , , , , , , , , , , , , , , , , , , , , ,1752344988998,2121, , , ,34,3145728,353441,12,12,4,12, , , ,12,12, ,18, ,3,15, , , , , , , , , , , , ,3486,18, , , , , , , , ,537958264,5, , , , , , ,18, , , , , , , , , , , , , , , , , , , , , , , , , , , , , , ,12, , ,6, , , , , , , , , , , , , , ,0, , , , , , , , , , , , , , , , , , , , , , , , , , , , , , 
2025-07-12 18:30:50.296 UTC, , ,0,0,0,0, , , , , , , , , , , , , , , , , , , , ,589,3484413,337872,224, ,13, ,44, , , , , , , , , ,13,6, , , ,7,2,6, ,49, , , , , , , , , , , , , , ,1362,1,734,734, , , , ,1412,787398668288,57,57,57,57, , , , , , , , , , , , , , , , , , , , , , , , , , , , , , , , ,1412, , , , ,1752340752552,,, , , , , , , , , , , , , , , , , , , , , ,1752345050281,2151, , , ,34,3145728,357141,9,9,4,9, , , ,12,12, ,18, ,3,15, , , , , , , , , , , , ,3700,18, , , , , , , , ,556832632,4, , , , , , ,18, , , , , , , , , , , , , , , , , , , , , , , , , , , , , , ,12, , ,6, , , , , , , , , , , , , , ,0, , , , , , , , , , , , , , , , , , , , , , , , , , , , , , 
2025-07-12 18:31:51.529 UTC, , ,0,0,0,0, , , , , , , , , , , , , , , , , , , , ,589,3487485,340944,224, ,13, ,44, , , , , , , , , ,13,6, , , ,7,2,6, ,49, , , , , , , , , , , , , , ,1362,1,734,734, , , , ,1412,787398668288,57,57,57,57, , , , , , , , , , , , , , , , , , , , , , , , , , , , , , , , ,1412, , , , ,1752340752552,,, , , , , , , , , , , , , , , , , , , , , ,1752345108021,2180, , , ,26,3145728,360587,11,11,5,11, , , ,12,12, ,17, ,3,15, , , , , , , , , , , , ,3449,17, , , , , , , , ,577804152,5, , , , , , ,18, , , , , , , , , , , , , , , , , , , , , , , , , , , , , , ,12, , ,6, , , , , , , , , , , , , , ,0, , , , , , , , , , , , , , , , , , , , , , , , , , , , , , 
2025-07-12 18:32:52.732 UTC, , ,0,0,0,0, , , , , , , , , , , , , , , , , , , , ,589,3490557,344016,224, ,13, ,44, , , , , , , , , ,13,6, , , ,7,2,6, ,49, , , , , , , , , , , , , , ,1362,1,734,734, , , , ,1412,787398668288,57,57,57,57, , , , , , , , , , , , , , , , , , , , , , , , , , , , , , , , ,1412, , , , ,1752340752552,,, , , , , , , , , , , , , , , , , , , , , ,1752345169268,2210, , , ,26,3145728,364073,12,12,4,12, , , ,12,12, ,18, ,3,15, , , , , , , , , , , , ,3486,18, , , , , , ,1,28,175445168,5, , , , , , ,18, , , , , , , , , , , , , , , , , , , , , , , , , , , , , , ,12, , ,6, , , , , , , , , , , , , , ,0, , , , , , , , , , , , , , , , , , , , , , , , , , , , , , 
2025-07-12 18:33:53.895 UTC, , ,0,0,0,0, , , , , , , , , , , , , , , , , , , , ,589,3493629,347088,224, ,13, ,44, , , , , , , , , ,13,6, , , ,7,2,6, ,49, , , , , , , , , , , , , , ,1362,1,734,734, , , , ,1412,787398668288,57,57,57,57, , , , , , , , , , , , , , , , , , , , , , , , , , , , , , , , ,1412, , , , ,1752340752552,,, , , , , , , , , , , , , , , , , , , , , ,1752345230460,2240, , , ,25,3145728,367559,7,7,3,7, , , ,12,12, ,18, ,3,15, , , , , , , , , , , , ,3486,18, , , , , , , , ,198513840,5, , , , , , ,18, , , , , , , , , , , , , , , , , , , , , , , , , , , , , , ,12, , ,6, , , , , , , , , , , , , , ,0, , , , , , , , , , , , , , , , , , , , , , , , , , , , , , 
2025-07-12 18:34:55.212 UTC, , ,0,0,0,0, , , , , , , , , , , , , , , , , , , , ,589,3496701,350160,224, ,13, ,44, , , , , , , , , ,13,6, , , ,7,2,6, ,49, , , , , , , , , , , , , , ,1362,1,734,734, , , , ,1412,787398668288,57,57,57,57, , , , , , , , , , , , , , , , , , , , , , , , , , , , , , , , ,1412, , , , ,1752340752552,,, , , , , , , , , , , , , , , , , , , , , ,1752345291108,2270, , , ,26,3145728,371045,9,9,4,9, , , ,12,12, ,18, ,3,15, , , , , , , , , , , , ,3486,18, , , , , , , , ,221582512,5, , , , , , ,18, , , , , , , , , , , , , , , , , , , , , , , , , , , , , , ,12, , ,6, , , , , , , , , , , , , , ,0, , , , , , , , , , , , , , , , , , , , , , , , , , , , , , 
2025-07-12 18:35:55.817 UTC, , ,0,0,0,0, , , , , , , , , , , , , , , , , , , , ,589,3499773,353232,224, ,13, ,44, , , , , , , , , ,13,6, , , ,7,2,6, ,49, , , , , , , , , , , , , , ,1362,1,734,734, , , , ,1412,787398668288,57,57,57,57, , , , , , , , , , , , , , , , , , , , , , , , , , , , , , , , ,1412, , , , ,1752340752552,,, , , , , , , , , , , , , , , , , , , , , ,1752345352499,2300, , , ,26,3145728,374531,14,14,6,14, , , ,12,12, ,18, ,3,15, , , , , , , , , , , , ,3486,18, , , , , , , , ,236262576,5, , , , , , ,18, , , , , , , , , , , , , , , , , , , , , , , , , , , , , , ,12, , ,6, , , , , , , , , , , , , , ,0, , , , , , , , , , , , , , , , , , , , , , , , , , , , , , 
2025-07-12 18:36:57.016 UTC, , ,0,0,0,0, , , , , , , , , , , , , , , , , , , , ,589,3503061,356520,224, ,13, ,44, , , , , , , , , ,13,6, , , ,7,2,6, ,49, , , , , , , , , , , , , , ,1362,1,734,734, , , , ,1412,787398668288,57,57,57,57, , , , , , , , , , , , , , , , , , , , , , , , , , , , , , , , ,1412, , , , ,1752340752552,,, , , , , , , , , , , , , , , , , , , , , ,1752345413730,2330, , , ,26,3145728,378231,10,10,3,10, , , ,12,12, ,18, ,3,15, , , , , , , , , , , , ,3700,18, , , , , , , , ,257234096,5, , , , , , ,18, , , , , , , , , , , , , , , , , , , , , , , , , , , , , , ,12, , ,6, , , , , , , , , , , , , , ,0, , , , , , , , , , , , , , , , , , , , , , , , , , , , , , 
2025-07-12 18:37:58.226 UTC, , ,0,0,0,0, , , , , , , , , , , , , , , , , , , , ,589,3506133,359592,224, ,13, ,44, , , , , , , , , ,13,6, , , ,7,2,6, ,49, , , , , , , , , , , , , , ,1362,1,734,734, , , , ,1412,787398668288,57,57,57,57, , , , , , , , , , , , , , , , , , , , , , , , , , , , , , , , ,1412, , , , ,1752340752552,,, , , , , , , , , , , , , , , , , , , , , ,1752345475022,2360, , , ,26,3145728,381717,20,20,7,20, , , ,12,12, ,18, ,3,15, , , , , , , , , , , , ,3486,18, , , , , , , , ,278205616,7, , , , , , ,18, , , , , , , , , , , , , , , , , , , , , , , , , , , , , , ,12, , ,6, , , , , , , , , , , , , , ,0, , , , , , , , , , , , , , , , , , , , , , , , , , , , , , 
2025-07-12 18:38:59.413 UTC, , ,0,0,0,0, , , , , , , , , , , , , , , , , , , , ,589,3509205,362664,224, ,13, ,44, , , , , , , , , ,13,6, , , ,7,2,6, ,49, , , , , , , , , , , , , , ,1362,1,734,734, , , , ,1412,787398668288,57,57,57,57, , , , , , , , , , , , , , , , , , , , , , , , , , , , , , , , ,1412, , , , ,1752340752552,,, , , , , , , , , , , , , , , , , , , , , ,1752345536229,2390, , , ,26,3145728,385203,12,12,4,12, , , ,12,12, ,18, ,3,15, , , , , , , , , , , , ,3486,18, , , , , , , , ,301274288,5, , , , , , ,18, , , , , , , , , , , , , , , , , , , , , , , , , , , , , , ,12, , ,6, , , , , , , , , , , , , , ,0, , , , , , , , , , , , , , , , , , , , , , , , , , , , , , 
2025-07-12 18:40:00.605 UTC, , ,0,0,0,0, , , , , , , , , , , , , , , , , , , , ,589,3512165,365624,224, ,14, ,45, , , , , , , , , ,14,6, , , ,8,2,6, ,49, , , , , , , , , , , , , , ,1362,1,734,734, , , , ,1412,787398668288,57,57,57,57, , , , , , , , , , , , , , , , , , , , , , , , , , , , , , , , ,1412, , , , ,1752340752552,,, , , , , , , , , , , , , , , , , , , , , ,1752345597463,2420, , , ,25,3145728,390994,11,11,4,11, , , ,12,12, ,18, ,3,15, , , , , , , , , , , , ,5791,18, , , , , , , , ,318051504,6, , , , , , ,18, , , , , , , , , , , , , , , , , , , , , , , , , , , , , , ,12, , ,6, , , , , , , , , , , , , , ,0, , , , , , , , , , , , , , , , , , , , , , , , , , , , , , 
2025-07-12 18:41:01.827 UTC, , ,0,0,0,0, , , , , , , , , , , , , , , , , , , , ,589,3515237,368696,224, ,14, ,44, , , , , , , , , ,14,6, , , ,8,2,6, ,49, , , , , , , , , , , , , , ,1362,1,734,734, , , , ,1412,787398668288,57,57,57,57, , , , , , , , , , , , , , , , , , , , , , , , , , , , , , , , ,1412, , , , ,1752340752552,,, , , , , , , , , , , , , , , , , , , , , ,1752345658717,2450, , , ,25,3145728,394480,9,9,3,9, , , ,12,12, ,18, ,3,15, , , , , , , , , , , , ,3486,18, , , , , , , , ,339023024,6, , , , , , ,18, , , , , , , , , , , , , , , , , , , , , , , , , , , , , , ,12, , ,6, , , , , , , , , , , , , , ,0, , , , , , , , , , , , , , , , , , , , , , , , , , , , , , 
2025-07-12 18:42:02.419 UTC, , ,0,0,0,0, , , , , , , , , , , , , , , , , , , , ,589,3518309,371768,224, ,14, ,44, , , , , , , , , ,14,6, , , ,8,2,6, ,49, , , , , , , , , , , , , , ,1362,1,734,734, , , , ,1412,787398668288,57,57,57,57, , , , , , , , , , , , , , , , , , , , , , , , , , , , , , , , ,1412, , , , ,1752340752552,,, , , , , , , , , , , , , , , , , , , , , ,1752345719351,2480, , , ,26,3145728,397966,12,12,5,12, , , ,12,12, ,18, ,3,15, , , , , , , , , , , , ,3486,18, , , , , , , , ,359994544,5, , , , , , ,18, , , , , , , , , , , , , , , , , , , , , , , , , , , , , , ,12, , ,6, , , , , , , , , , , , , , ,0, , , , , , , , , , , , , , , , , , , , , , , , , , , , , , 
2025-07-12 18:43:03.626 UTC, , ,0,0,0,0, , , , , , , , , , , , , , , , , , , , ,589,3521597,375056,224, ,14, ,44, , , , , , , , , ,14,6, , , ,8,2,6, ,49, , , , , , , , , , , , , , ,1362,1,734,734, , , , ,1412,787398668288,57,57,57,57, , , , , , , , , , , , , , , , , , , , , , , , , , , , , , , , ,1412, , , , ,1752340752552,,, , , , , , , , , , , , , , , , , , , , , ,1752345780612,2510, , , ,26,3145728,401666,16,16,5,16, , , ,12,12, ,18, ,3,15, , , , , , , , , , , , ,3700,18, , , , , , , , ,380966064,5, , , , , , ,18, , , , , , , , , , , , , , , , , , , , , , , , , , , , , , ,12, , ,6, , , , , , , , , , , , , , ,0, , , , , , , , , , , , , , , , , , , , , , , , , , , , , , 
2025-07-12 18:44:04.727 UTC, , ,0,0,0,0, , , , , , , , , , , , , , , , , , , , ,589,3524669,378128,224, ,14, ,44, , , , , , , , , ,14,6, , , ,8,2,6, ,49, , , , , , , , , , , , , , ,1362,1,734,734, , , , ,1412,787398668288,57,57,57,57, , , , , , , , , , , , , , , , , , , , , , , , , , , , , , , , ,1412, , , , ,1752340752552,,, , , , , , , , , , , , , , , , , , , , , ,1752345841751,2540, , , ,26,3145728,405152,10,10,4,10, , , ,12,12, ,18, ,3,15, , , , , , , , , , , , ,3486,18, , , , , , , , ,399840432,5, , , , , , ,18, , , , , , , , , , , , , , , , , , , , , , , , , , , , , , ,12, , ,6, , , , , , , , , , , , , , ,0, , , , , , , , , , , , , , , , , , , , , , , , , , , , , , 
2025-07-12 18:45:05.880 UTC, , ,0,0,0,0, , , , , , , , , , , , , , , , , , , , ,589,3527741,381200,224, ,14, ,44, , , , , , , , , ,14,6, , , ,8,2,6, ,49, , , , , , , , , , , , , , ,1362,1,734,734, , , , ,1412,787398668288,57,57,57,57, , , , , , , , , , , , , , , , , , , , , , , , , , , , , , , , ,1412, , , , ,1752340752552,,, , , , , , , , , , , , , , , , , , , , , ,1752345902944,2570, , , ,25,3145728,408638,12,12,4,12, , , ,12,12, ,18, ,3,15, , , , , , , , , , , , ,3486,18, , , , , , , , ,422909104,12, , , , , , ,18, , , , , , , , , , , , , , , , , , , , , , , , , , , , , , ,12, , ,6, , , , , , , , , , , , , , ,0, , , , , , , , , , , , , , , , , , , , , , , , , , , , , , 
2025-07-12 18:46:07.004 UTC, , ,0,0,0,0, , , , , , , , , , , , , , , , , , , , ,589,3530813,384272,224, ,14, ,44, , , , , , , , , ,14,6, , , ,8,2,6, ,49, , , , , , , , , , , , , , ,1362,1,734,734, , , , ,1412,787398668288,57,57,57,57, , , , , , , , , , , , , , , , , , , , , , , , , , , , , , , , ,1412, , , , ,1752340752552,,, , , , , , , , , , , , , , , , , , , , , ,1752345964096,2600, , , ,25,3145728,412124,11,11,3,11, , , ,12,12, ,18, ,3,16, , , , , , , , , , , , ,3486,18, , , , , , , , ,443880624,7, , , , , , ,18, , , , , , , , , , , , , , , , , , , , , , , , , , , , , , ,12, , ,6, , , , , , , , , , , , , , ,0, , , , , , , , , , , , , , , , , , , , , , , , , , , , , , 
2025-07-12 18:47:08.128 UTC, , ,0,0,0,0, , , , , , , , , , , , , , , , , , , , ,589,3533885,387344,224, ,14, ,44, , , , , , , , , ,14,6, , , ,8,2,6, ,49, , , , , , , , , , , , , , ,1362,1,734,734, , , , ,1412,787398668288,57,57,57,57, , , , , , , , , , , , , , , , , , , , , , , , , , , , , , , , ,1412, , , , ,1752340752552,,, , , , , , , , , , , , , , , , , , , , , ,1752346025264,2630, , , ,25,3145728,415610,15,15,5,15, , , ,12,12, ,18, ,3,15, , , , , , , , , , , , ,3486,18, , , , , , , , ,462754992,8, , , , , , ,18, , , , , , , , , , , , , , , , , , , , , , , , , , , , , , ,12, , ,6, , , , , , , , , , , , , , ,0, , , , , , , , , , , , , , , , , , , , , , , , , , , , , , 
2025-07-12 18:48:09.266 UTC, , ,0,0,0,0, , , , , , , , , , , , , , , , , , , , ,589,3537173,390632,224, ,14, ,44, , , , , , , , , ,14,6, , , ,8,2,6, ,49, , , , , , , , , , , , , , ,1362,1,734,734, , , , ,1412,787398668288,57,57,57,57, , , , , , , , , , , , , , , , , , , , , , , , , , , , , , , , ,1412, , , , ,1752340752552,,, , , , , , , , , , , , , , , , , , , , , ,1752346085935,2660, , , ,27,3145728,419311,44,44,10,44, , , ,12,12, ,18, ,3,15, , , , , , , , , , , , ,3701,18, , , , , , , , ,481629360,11, , , , , , ,18, , , , , , , , , , , , , , , , , , , , , , , , , , , , , , ,12, , ,6, , , , , , , , , , , , , , ,0, , , , , , , , , , , , , , , , , , , , , , , , , , , , , , 
2025-07-12 18:49:09.805 UTC, , ,0,0,0,0, , , , , , , , , , , , , , , , , , , , ,589,3540245,393704,224, ,14, ,44, , , , , , , , , ,14,6, , , ,8,2,6, ,49, , , , , , , , , , , , , , ,1362,1,734,734, , , , ,1412,787398668288,57,57,57,57, , , , , , , , , , , , , , , , , , , , , , , , , , , , , , , , ,1412, , , , ,1752340752552,,, , , , , , , , , , , , , , , , , , , , , ,1752346147131,2690, , , ,27,3145728,422797,46,46,6,46, , , ,12,12, ,18, ,3,15, , , , , , , , , , , , ,3486,18, , , , , , , , ,502600880,13, , , , , , ,18, , , , , , , , , , , , , , , , , , , , , , , , , , , , , , ,12, , ,6, , , , , , , , , , , , , , ,0, , , , , , , , , , , , , , , , , , , , , , , , , , , , , , 
2025-07-12 18:50:10.927 UTC, , ,0,0,0,0, , , , , , , , , , , , , , , , , , , , ,589,3542885,396344,224, ,15, ,45, , , , , , , , , ,15,6, , , ,9,2,6, ,49, , , , , , , , , , , , , , ,1362,1,734,734, , , , ,1412,787398668288,57,57,57,57, , , , , , , , , , , , , , , , , , , , , , , , , , , , , , , , ,1412, , , , ,1752340752552,,, , , , , , , , , , , , , , , , , , , , , ,1752346208278,2720, , , ,27,3145728,428602,10,10,3,10, , , ,12,12, ,18, ,3,15, , , , , , , , , , , , ,5805,18, , , , , , , , ,523572400,10, , , , , , ,18, , , , , , , , , , , , , , , , , , , , , , , , , , , , , , ,12, , ,6, , , , , , , , , , , , , , ,0, , , , , , , , , , , , , , , , , , , , , , , , , , , , , , 
2025-07-12 18:51:12.038 UTC, , ,0,0,0,0, , , , , , , , , , , , , , , , , , , , ,589,3545957,399416,224, ,15, ,44, , , , , , , , , ,15,6, , , ,9,2,6, ,49, , , , , , , , , , , , , , ,1362,1,734,734, , , , ,1412,787398668288,57,57,57,57, , , , , , , , , , , , , , , , , , , , , , , , , , , , , , , , ,1412, , , , ,1752340752552,,, , , , , , , , , , , , , , , , , , , , , ,1752346269427,2750, , , ,27,3145728,432088,16,16,5,16, , , ,12,12, ,18, ,3,15, , , , , , , , , , , , ,3486,18, , , , , , , , ,542446768,9, , , , , , ,18, , , , , , , , , , , , , , , , , , , , , , , , , , , , , , ,12, , ,6, , , , , , , , , , , , , , ,0, , , , , , , , , , , , , , , , , , , , , , , , , , , , , , 
2025-07-12 18:52:13.082 UTC, , ,0,0,0,0, , , , , , , , , , , , , , , , , , , , ,589,3549029,402488,224, ,15, ,44, , , , , , , , , ,15,6, , , ,9,2,6, ,49, , , , , , , , , , , , , , ,1362,1,734,734, , , , ,1412,787398668288,57,57,57,57, , , , , , , , , , , , , , , , , , , , , , , , , , , , , , , , ,1412, , , , ,1752340752552,,, , , , , , , , , , , , , , , , , , , , , ,1752346330512,2780, , , ,26,3145728,435574,11,11,4,11, , , ,12,12, ,18, ,3,15, , , , , , , , , , , , ,3486,18, , , , , , , , ,563418288,9, , , , , , ,18, , , , , , , , , , , , , , , , , , , , , , , , , , , , , , ,12, , ,6, , , , , , , , , , , , , , ,0, , , , , , , , , , , , , , , , , , , , , , , , , , , , , , 
2025-07-12 18:53:14.171 UTC, , ,0,0,0,0, , , , , , , , , , , , , , , , , , , , ,589,3552125,405584,224, ,15, ,44, , , , , , , , , ,15,6, , , ,9,2,6, ,49, , , , , , , , , , , , , , ,1362,1,734,734, , , , ,1412,787398668288,57,57,57,57, , , , , , , , , , , , , , , , , , , , , , , , , , , , , , , , ,1412, , , , ,1752340752552,,, , , , , , , , , , , , , , , , , , , , , ,1752346391737,2810, , , ,26,3145728,439275,34,34,11,34, , , ,12,12, ,18, ,3,15, , , , , , , , , , , , ,3701,18, , , , , , , , ,584389808,9, , , , , , ,18, , , , , , , , , , , , , , , , , , , , , , , , , , , , , , ,12, , ,6, , , , , , , , , , , , , , ,0, , , , , , , , , , , , , , , , , , , , , , , , , , , , , , 
2025-07-12 18:54:15.240 UTC, , ,0,0,0,0, , , , , , , , , , , , , , , , , , , , ,589,3555197,408656,224, ,15, ,44, , , , , , , , , ,15,6, , , ,9,2,6, ,49, , , , , , , , , , , , , , ,1362,1,734,734, , , , ,1412,787398668288,57,57,57,57, , , , , , , , , , , , , , , , , , , , , , , , , , , , , , , , ,1412, , , , ,1752340752552,,, , , , , , , , , , , , , , , , , , , , , ,1752346452974,2840, , , ,25,3145728,442761,37,37,15,37, , , ,12,12, ,18, ,3,15, , , , , , , , , , , , ,3486,18, , , , , , ,1,25,181455112,9, , , , , , ,18, , , , , , , , , , , , , , , , , , , , , , , , , , , , , , ,12, , ,6, , , , , , , , , , , , , , ,0, , , , , , , , , , , , , , , , , , , , , , , , , , , , , , 
2025-07-12 18:55:16.296 UTC, , ,0,0,0,0, , , , , , , , , , , , , , , , , , , , ,589,3558269,411728,224, ,15, ,44, , , , , , , , , ,15,6, , , ,9,2,6, ,49, , , , , , , , , , , , , , ,1362,1,734,734, , , , ,1412,787398668288,57,57,57,57, , , , , , , , , , , , , , , , , , , , , , , , , , , , , , , , ,1412, , , , ,1752340752552,,, , , , , , , , , , , , , , , , , , , , , ,1752346513724,2870, , , ,26,3145728,446247,49,49,21,49, , , ,12,12, ,18, ,3,15, , , , , , , , , , , , ,3486,18, , , , , , , , ,202426632,11, , , , , , ,18, , , , , , , , , , , , , , , , , , , , , , , , , , , , , , ,12, , ,6, , , , , , , , , , , , , , ,0, , , , , , , , , , , , , , , , , , , , , , , , , , , , , , 
2025-07-12 18:56:16.808 UTC, , ,0,0,0,0, , , , , , , , , , , , , , , , , , , , ,589,3561341,414800,224, ,15, ,44, , , , , , , , , ,15,6, , , ,9,2,6, ,49, , , , , , , , , , , , , , ,1362,1,734,734, , , , ,1412,787398668288,57,57,57,57, , , , , , , , , , , , , , , , , , , , , , , , , , , , , , , , ,1412, , , , ,1752340752552,,, , , , , , , , , , , , , , , , , , , , , ,1752346574869,2900, , , ,26,3145728,449733,48,48,11,48, , , ,12,12, ,18, ,3,15, , , , , , , , , , , , ,3486,18, , , , , , , , ,223398152,10, , , , , , ,18, , , , , , , , , , , , , , , , , , , , , , , , , , , , , , ,12, , ,6, , , , , , , , , , , , , , ,0, , , , , , , , , , , , , , , , , , , , , , , , , , , , , , 
2025-07-12 18:57:17.805 UTC, , ,0,0,0,0, , , , , , , , , , , , , , , , , , , , ,589,3564413,417872,224, ,15, ,44, , , , , , , , , ,15,6, , , ,9,2,6, ,49, , , , , , , , , , , , , , ,1362,1,734,734, , , , ,1412,787398668288,57,57,57,57, , , , , , , , , , , , , , , , , , , , , , , , , , , , , , , , ,1412, , , , ,1752340752552,,, , , , , , , , , , , , , , , , , , , , , ,1752346635924,2930, , , ,26,3145728,453219,16,16,5,16, , , ,12,12, ,18, ,3,15, , , , , , , , , , , , ,3486,18, , , , , , , , ,244369672,8, , , , , , ,18, , , , , , , , , , , , , , , , , , , , , , , , , , , , , , ,12, , ,6, , , , , , , , , , , , , , ,0, , , , , , , , , , , , , , , , , , , , , , , , , , , , , , 
2025-07-12 18:58:18.976 UTC, , ,0,0,0,0, , , , , , , , , , , , , , , , , , , , ,589,3567485,420944,224, ,15, ,44, , , , , , , , , ,15,6, , , ,9,2,6, ,49, , , , , , , , , , , , , , ,1362,1,734,734, , , , ,1412,787398668288,57,57,57,57, , , , , , , , , , , , , , , , , , , , , , , , , , , , , , , , ,1412, , , , ,1752340752552,,, , , , , , , , , , , , , , , , , , , , , ,1752346697274,2960, , , ,26,3145728,456705,48,48,14,48, , , ,12,12, ,18, ,3,15, , , , , , , , , , , , ,3486,18, , , , , , , , ,263244040,25, , , , , , ,18, , , , , , , , , , , , , , , , , , , , , , , , , , , , , , ,12, , ,6, , , , , , , , , , , , , , ,0, , , , , , , , , , , , , , , , , , , , , , , , , , , , , , 
2025-07-12 18:59:20.014 UTC, , ,0,0,0,0, , , , , , , , , , , , , , , , , , , , ,589,3570773,424232,224, ,15, ,44, , , , , , , , , ,15,6, , , ,9,2,6, ,49, , , , , , , , , , , , , , ,1362,1,734,734, , , , ,1412,787398668288,57,57,57,57, , , , , , , , , , , , , , , , , , , , , , , , , , , , , , , , ,1412, , , , ,1752340752552,,, , , , , , , , , , , , , , , , , , , , , ,1752346758428,2990, , , ,26,3145728,460406,29,29,11,29, , , ,12,12, ,18, ,3,15, , , , , , , , , , , , ,3701,18, , , , , , , , ,286312712,16, , , , , , ,18, , , , , , , , , , , , , , , , , , , , , , , , , , , , , , ,12, , ,6, , , , , , , , , , , , , , ,0, , , , , , , , , , , , , , , , , , , , , , , , , , , , , , 
2025-07-12 19:00:21.051 UTC, , ,0,0,0,0, , , , , , , , , , , , , , , , , , , , ,589,3573845,427304,224, ,15, ,44, , , , , , , , , ,15,6, , , ,9,2,6, ,49, , , , , , , , , , , , , , ,1362,1,734,734, , , , ,1412,787398668288,57,57,57,57, , , , , , , , , , , , , , , , , , , , , , , , , , , , , , , , ,1412, , , , ,1752340752552,,, , , , , , , , , , , , , , , , , , , , , ,1752346819568,3020, , , ,25,3145728,463892,32,32,9,32, , , ,12,12, ,18, ,3,15, , , , , , , , , , , , ,3486,18, , , , , , , , ,303089928,12, , , , , , ,18, , , , , , , , , , , , , , , , , , , , , , , , , , , , , , ,12, , ,6, , , , , , , , , , , , , , ,0, , , , , , , , , , , , , , , , , , , , , , , , , , , , , , 
2025-07-12 19:01:22.061 UTC, , ,0,0,0,0, , , , , , , , , , , , , , , , , , , , ,589,3576805,430264,224, ,16, ,45, , , , , , , , , ,16,6, , , ,10,2,6, ,49, , , , , , , , , , , , , , ,1362,1,734,734, , , , ,1412,787398668288,57,57,57,57, , , , , , , , , , , , , , , , , , , , , , , , , , , , , , , , ,1412, , , , ,1752340752552,,, , , , , , , , , , , , , , , , , , , , , ,1752346880646,3050, , , ,25,3145728,469711,22,22,7,22, , , ,12,12, ,18, ,3,15, , , , , , , , , , , , ,5819,18, , , , , , , , ,324061448,10, , , , , , ,18, , , , , , , , , , , , , , , , , , , , , , , , , , , , , , ,12, , ,6, , , , , , , , , , , , , , ,0, , , , , , , , , , , , , , , , , , , , , , , , , , , , , , 
2025-07-12 19:02:22.613 UTC, , ,0,0,0,0, , , , , , , , , , , , , , , , , , , , ,589,3579877,433336,224, ,16, ,44, , , , , , , , , ,16,6, , , ,10,2,6, ,49, , , , , , , , , , , , , , ,1362,1,734,734, , , , ,1412,787398668288,57,57,57,57, , , , , , , , , , , , , , , , , , , , , , , , , , , , , , , , ,1412, , , , ,1752340752552,,, , , , , , , , , , , , , , , , , , , , , ,1752346941243,3080, , , ,27,3145728,473197,13,13,5,13, , , ,12,12, ,18, ,3,15, , , , , , , , , , , , ,3486,18, , , , , , , , ,342935816,9, , , , , , ,18, , , , , , , , , , , , , , , , , , , , , , , , , , , , , , ,12, , ,6, , , , , , , , , , , , , , ,0, , , , , , , , , , , , , , , , , , , , , , , , , , , , , , 
2025-07-12 19:03:23.628 UTC, , ,0,0,0,0, , , , , , , , , , , , , , , , , , , , ,589,3582949,436408,224, ,16, ,44, , , , , , , , , ,16,6, , , ,10,2,6, ,49, , , , , , , , , , , , , , ,1362,1,734,734, , , , ,1412,787398668288,57,57,57,57, , , , , , , , , , , , , , , , , , , , , , , , , , , , , , , , ,1412, , , , ,1752340752552,,, , , , , , , , , , , , , , , , , , , , , ,1752347002344,3110, , , ,27,3145728,476683,33,33,9,33, , , ,12,12, ,18, ,3,15, , , , , , , , , , , , ,3486,18, , , , , , , , ,363907336,14, , , , , , ,18, , , , , , , , , , , , , , , , , , , , , , , , , , , , , , ,12, , ,6, , , , , , , , , , , , , , ,0, , , , , , , , , , , , , , , , , , , , , , , , , , , , , , 
2025-07-12 19:04:24.632 UTC, , ,0,0,0,0, , , , , , , , , , , , , , , , , , , , ,589,3586237,439696,224, ,16, ,44, , , , , , , , , ,16,6, , , ,10,2,6, ,49, , , , , , , , , , , , , , ,1362,1,734,734, , , , ,1412,787398668288,57,57,57,57, , , , , , , , , , , , , , , , , , , , , , , , , , , , , , , , ,1412, , , , ,1752340752552,,, , , , , , , , , , , , , , , , , , , , , ,1752347063383,3140, , , ,27,3145728,480384,13,13,5,13, , , ,12,12, ,18, ,3,15, , , , , , , , , , , , ,3701,18, , , , , , , , ,384878856,13, , , , , , ,18, , , , , , , , , , , , , , , , , , , , , , , , , , , , , , ,12, , ,6, , , , , , , , , , , , , , ,0, , , , , , , , , , , , , , , , , , , , , , , , , , , , , , 
2025-07-12 19:05:25.782 UTC, , ,0,0,0,0, , , , , , , , , , , , , , , , , , , , ,589,3589309,442768,224, ,16, ,44, , , , , , , , , ,16,6, , , ,10,2,6, ,49, , , , , , , , , , , , , , ,1362,1,734,734, , , , ,1412,787398668288,57,57,57,57, , , , , , , , , , , , , , , , , , , , , , , , , , , , , , , , ,1412, , , , ,1752340752552,,, , , , , , , , , , , , , , , , , , , , , ,1752347124570,3170, , , ,27,3145728,483870,11,11,6,11, , , ,12,12, ,18, ,3,15, , , , , , , , , , , , ,3486,18, , , , , , , , ,403753224,9, , , , , , ,18, , , , , , , , , , , , , , , , , , , , , , , , , , , , , , ,12, , ,6, , , , , , , , , , , , , , ,0, , , , , , , , , , , , , , , , , , , , , , , , , , , , , , 
2025-07-12 19:06:26.776 UTC, , ,0,0,0,0, , , , , , , , , , , , , , , , , , , , ,589,3592381,445840,224, ,16, ,44, , , , , , , , , ,16,6, , , ,10,2,6, ,49, , , , , , , , , , , , , , ,1362,1,734,734, , , , ,1412,787398668288,57,57,57,57, , , , , , , , , , , , , , , , , , , , , , , , , , , , , , , , ,1412, , , , ,1752340752552,,, , , , , , , , , , , , , , , , , , , , , ,1752347185592,3200, , , ,26,3145728,487356,10,10,4,10, , , ,12,12, ,18, ,3,15, , , , , , , , , , , , ,3486,18, , , , , , , , ,424724744,8, , , , , , ,18, , , , , , , , , , , , , , , , , , , , , , , , , , , , , , ,12, , ,6, , , , , , , , , , , , , , ,0, , , , , , , , , , , , , , , , , , , , , , , , , , , , , , 
2025-07-12 19:07:27.725 UTC, , ,0,0,0,0, , , , , , , , , , , , , , , , , , , , ,589,3595453,448912,224, ,16, ,44, , , , , , , , , ,16,6, , , ,10,2,6, ,49, , , , , , , , , , , , , , ,1362,1,734,734, , , , ,1412,787398668288,57,57,57,57, , , , , , , , , , , , , , , , , , , , , , , , , , , , , , , , ,1412, , , , ,1752340752552,,, , , , , , , , , , , , , , , , , , , , , ,1752347246584,3230, , , ,26,3145728,490842,13,13,4,13, , , ,12,12, ,18, ,3,15, , , , , , , , , , , , ,3486,18, , , , , , , , ,443599112,7, , , , , , ,18, , , , , , , , , , , , , , , , , , , , , , , , , , , , , , ,12, , ,6, , , , , , , , , , , , , , ,0, , , , , , , , , , , , , , , , , , , , , , , , , , , , , , 
2025-07-12 19:08:28.754 UTC, , ,0,0,0,0, , , , , , , , , , , , , , , , , , , , ,589,3598525,451984,224, ,16, ,44, , , , , , , , , ,16,6, , , ,10,2,6, ,49, , , , , , , , , , , , , , ,1362,1,734,734, , , , ,1412,787398668288,57,57,57,57, , , , , , , , , , , , , , , , , , , , , , , , , , , , , , , , ,1412, , , , ,1752340752552,,, , , , , , , , , , , , , , , , , , , , , ,1752347307650,3260, , , ,26,3145728,494328,10,10,4,10, , , ,12,12, ,18, ,3,15, , , , , , , , , , , , ,3486,18, , , , , , , , ,466667784,5, , , , , , ,18, , , , , , , , , , , , , , , , , , , , , , , , , , , , , , ,12, , ,6, , , , , , , , , , , , , , ,0, , , , , , , , , , , , , , , , , , , , , , , , , , , , , , 
2025-07-12 19:09:29.278 UTC, , ,0,0,0,0, , , , , , , , , , , , , , , , , , , , ,589,3601813,455272,224, ,16, ,44, , , , , , , , , ,16,6, , , ,10,2,6, ,49, , , , , , , , , , , , , , ,1362,1,734,734, , , , ,1412,787398668288,57,57,57,57, , , , , , , , , , , , , , , , , , , , , , , , , , , , , , , , ,1412, , , , ,1752340752552,,, , , , , , , , , , , , , , , , , , , , , ,1752347368200,3290, , , ,27,3145728,498029,9,9,3,9, , , ,12,12, ,18, ,3,16, , , , , , , , , , , , ,3701,18, , , , , , , , ,485542152,5, , , , , , ,18, , , , , , , , , , , , , , , , , , , , , , , , , , , , , , ,12, , ,6, , , , , , , , , , , , , , ,0, , , , , , , , , , , , , , , , , , , , , , , , , , , , , , 
2025-07-12 19:10:30.218 UTC, , ,0,0,0,0, , , , , , , , , , , , , , , , , , , , ,589,3604885,458344,224, ,16, ,44, , , , , , , , , ,16,6, , , ,10,2,6, ,49, , , , , , , , , , , , , , ,1362,1,734,734, , , , ,1412,787398668288,57,57,57,57, , , , , , , , , , , , , , , , , , , , , , , , , , , , , , , , ,1412, , , , ,1752340752552,,, , , , , , , , , , , , , , , , , , , , , ,1752347429180,3320, , , ,27,3145728,501515,12,12,4,12, , , ,12,12, ,18, ,3,15, , , , , , , , , , , , ,3486,18, , , , , , , , ,506513672,6, , , , , , ,18, , , , , , , , , , , , , , , , , , , , , , , , , , , , , , ,12, , ,6, , , , , , , , , , , , , , ,0, , , , , , , , , , , , , , , , , , , , , , , , , , , , , , 
2025-07-12 19:11:31.220 UTC, , ,0,0,0,0, , , , , , , , , , , , , , , , , , , , ,589,3607381,460840,224, ,17, ,45, , , , , , , , , ,17,6, , , ,11,2,7, ,49, , , , , , , , , , , , , , ,1362,1,734,734, , , , ,1412,787398668288,57,57,57,57, , , , , , , , , , , , , , , , , , , , , , , , , , , , , , , , ,1412, , , , ,1752340752552,,, , , , , , , , , , , , , , , , , , , , , ,1752347490216,3350, , , ,27,3145728,507348,9,9,3,9, , , ,12,12, ,18, ,3,15, , , , , , , , , , , , ,5833,18, , , , , , , , ,525388040,6, , , , , , ,18, , , , , , , , , , , , , , , , , , , , , , , , , , , , , , ,12, , ,6, , , , , , , , , , , , , , ,0, , , , , , , , , , , , , , , , , , , , , , , , , , , , , , 
2025-07-12 19:12:32.185 UTC, , ,0,0,0,0, , , , , , , , , , , , , , , , , , , , ,589,3610597,464056,224, ,17, ,44, , , , , , , , , ,17,6, , , ,11,2,6, ,49, , , , , , , , , , , , , , ,1362,1,734,734, , , , ,1412,787398668288,57,57,57,57, , , , , , , , , , , , , , , , , , , , , , , , , , , , , , , , ,1412, , , , ,1752340752552,,, , , , , , , , , , , , , , , , , , , , , ,1752347551249,3380, , , ,26,3145728,510834,19,19,7,19, , , ,12,12, ,18, ,3,15, , , , , , , , , , , , ,3486,18, , , , , , , , ,546359560,15, , , , , , ,18, , , , , , , , , , , , , , , , , , , , , , , , , , , , , , ,12, , ,6, , , , , , , , , , , , , , ,0, , , , , , , , , , , , , , , , , , , , , , , , , , , , , , 
2025-07-12 19:13:33.129 UTC, , ,0,0,0,0, , , , , , , , , , , , , , , , , , , , ,589,3613669,467128,224, ,17, ,44, , , , , , , , , ,17,6, , , ,11,2,6, ,49, , , , , , , , , , , , , , ,1362,1,734,734, , , , ,1412,787398668288,57,57,57,57, , , , , , , , , , , , , , , , , , , , , , , , , , , , , , , , ,1412, , , , ,1752340752552,,, , , , , , , , , , , , , , , , , , , , , ,1752347612222,3410, , , ,26,3145728,514320,8,8,4,8, , , ,12,12, ,18, ,3,15, , , , , , , , , , , , ,3486,18, , , , , , , , ,567331080,12, , , , , , ,18, , , , , , , , , , , , , , , , , , , , , , , , , , , , , , ,12, , ,6, , , , , , , , , , , , , , ,0, , , , , , , , , , , , , , , , , , , , , , , , , , , , , , 
2025-07-12 19:14:34.119 UTC, , ,0,0,0,0, , , , , , , , , , , , , , , , , , , , ,589,3616741,470200,224, ,17, ,44, , , , , , , , , ,17,6, , , ,11,2,6, ,49, , , , , , , , , , , , , , ,1362,1,734,734, , , , ,1412,787398668288,57,57,57,57, , , , , , , , , , , , , , , , , , , , , , , , , , , , , , , , ,1412, , , , ,1752340752552,,, , , , , , , , , , , , , , , , , , , , , ,1752347673233,3440, , , ,26,3145728,517806,10,10,3,10, , , ,12,12, ,18, ,3,15, , , , , , , , , , , , ,3486,18, , , , , , ,1,24,165464832,8, , , , , , ,18, , , , , , , , , , , , , , , , , , , , , , , , , , , , , , ,12, , ,6, , , , , , , , , , , , , , ,0, , , , , , , , , , , , , , , , , , , , , , , , , , , , , , 
